Scenario,Year,Location,Stock/ID,Layer 1,Layer 2,Layer 3,Layer 4,parameterCode,Value,UoM,DQS,count_value,min_value,max_value
OBS/BAU/REC/CIR,n/a,n/a,SLASH_sludgesMetallurgical,01 03 09,n/a,n/a,Al,e-f/s,8.2563,wt%,2,5,3.9112,12.4903
OBS/BAU/REC/CIR,n/a,n/a,SLASH_sludgesMetallurgical,01 03 09,n/a,n/a,Ca,e-f/s,4.4311,wt%,2,5,2.9517,14.0794
OBS/BAU/REC/CIR,n/a,n/a,SLASH_sludgesMetallurgical,01 03 09,n/a,n/a,Ce,e-f/s,0.0404,wt%,2,10,0.0076,0.0729
OBS/BAU/REC/CIR,n/a,n/a,SLASH_sludgesMetallurgical,01 03 09,n/a,n/a,Dy,e-f/s,0.0021,wt%,2,10,0.0003,0.0043
OBS/BAU/REC/CIR,n/a,n/a,SLASH_sludgesMetallurgical,01 03 09,n/a,n/a,Er,e-f/s,0.0014,wt%,2,10,0.0002,0.0022
OBS/BAU/REC/CIR,n/a,n/a,SLASH_sludgesMetallurgical,01 03 09,n/a,n/a,Eu,e-f/s,0.0004,wt%,2,10,0.0001,0.0014
OBS/BAU/REC/CIR,n/a,n/a,SLASH_sludgesMetallurgical,01 03 09,n/a,n/a,Fe,e-f/s,30.2851,wt%,2,5,29.4458,33.0269
OBS/BAU/REC/CIR,n/a,n/a,SLASH_sludgesMetallurgical,01 03 09,n/a,n/a,Ga,e-f/s,0.0115,wt%,2,1,0.0115,0.0115
OBS/BAU/REC/CIR,n/a,n/a,SLASH_sludgesMetallurgical,01 03 09,n/a,n/a,Gd,e-f/s,0.0017,wt%,2,10,0.0001,0.0022
OBS/BAU/REC/CIR,n/a,n/a,SLASH_sludgesMetallurgical,01 03 09,n/a,n/a,Ho,e-f/s,0.0004,wt%,2,10,0.0001,0.0008
OBS/BAU/REC/CIR,n/a,n/a,SLASH_sludgesMetallurgical,01 03 09,n/a,n/a,La,e-f/s,0.0123,wt%,2,10,0.0019,0.0356
OBS/BAU/REC/CIR,n/a,n/a,SLASH_sludgesMetallurgical,01 03 09,n/a,n/a,Lu,e-f/s,0.0002,wt%,2,10,0.0000,0.0003
OBS/BAU/REC/CIR,n/a,n/a,SLASH_sludgesMetallurgical,01 03 09,n/a,n/a,Na,e-f/s,3.1529,wt%,2,4,1.7805,6.0832
OBS/BAU/REC/CIR,n/a,n/a,SLASH_sludgesMetallurgical,01 03 09,n/a,n/a,Nd,e-f/s,0.0106,wt%,2,10,0.0016,0.0347
OBS/BAU/REC/CIR,n/a,n/a,SLASH_sludgesMetallurgical,01 03 09,n/a,n/a,Pr,e-f/s,0.0029,wt%,2,10,0.0005,0.0103
OBS/BAU/REC/CIR,n/a,n/a,SLASH_sludgesMetallurgical,01 03 09,n/a,n/a,REE,e-f/s,0.1020,wt%,2,1,0.1020,0.1020
OBS/BAU/REC/CIR,n/a,n/a,SLASH_sludgesMetallurgical,01 03 09,n/a,n/a,Sc,e-f/s,0.0085,wt%,2,3,0.0075,0.0121
OBS/BAU/REC/CIR,n/a,n/a,SLASH_sludgesMetallurgical,01 03 09,n/a,n/a,Si,e-f/s,4.3939,wt%,2,5,1.4304,6.3104
OBS/BAU/REC/CIR,n/a,n/a,SLASH_sludgesMetallurgical,01 03 09,n/a,n/a,Sm,e-f/s,0.0021,wt%,2,10,0.0003,0.0068
OBS/BAU/REC/CIR,n/a,n/a,SLASH_sludgesMetallurgical,01 03 09,n/a,n/a,Tb,e-f/s,0.0003,wt%,2,10,0.0003,0.0052
OBS/BAU/REC/CIR,n/a,n/a,SLASH_sludgesMetallurgical,01 03 09,n/a,n/a,Ti,e-f/s,3.5361,wt%,2,5,3.1166,5.4061
OBS/BAU/REC/CIR,n/a,n/a,SLASH_sludgesMetallurgical,01 03 09,n/a,n/a,Tm,e-f/s,0.0002,wt%,2,10,0.0000,0.0003
OBS/BAU/REC/CIR,n/a,n/a,SLASH_sludgesMetallurgical,01 03 09,n/a,n/a,V,e-f/s,0.1226,wt%,2,1,0.1226,0.1226
OBS/BAU/REC/CIR,n/a,n/a,SLASH_sludgesMetallurgical,01 03 09,n/a,n/a,Y,e-f/s,0.0109,wt%,2,10,0.0018,0.0180
OBS/BAU/REC/CIR,n/a,n/a,SLASH_sludgesMetallurgical,01 03 09,n/a,n/a,Yb,e-f/s,0.0015,wt%,2,10,0.0002,0.0022
OBS/BAU/REC/CIR,n/a,n/a,SLASH_sludgesMetallurgical,01 03 09,n/a,n/a,otherOrUndefinedElements,e-f/s,45.6125,wt%,filledDataGap,n/a,n/a,n/a
OBS/BAU/REC/CIR,n/a,n/a,SLASH_ashesEnergyProductionGenerated,10 01 01_B,n/a,n/a,Al,e-f/s,2.4514,wt%,2,32,0.0000,9.3000
OBS/BAU/REC/CIR,n/a,n/a,SLASH_ashesEnergyProductionGenerated,10 01 01_B,n/a,n/a,As,e-f/s,0.0006,wt%,2,8,0.0000,0.0562
OBS/BAU/REC/CIR,n/a,n/a,SLASH_ashesEnergyProductionGenerated,10 01 01_B,n/a,n/a,B,e-f/s,0.0000,wt%,2,1,0.0000,0.0000
OBS/BAU/REC/CIR,n/a,n/a,SLASH_ashesEnergyProductionGenerated,10 01 01_B,n/a,n/a,Ba,e-f/s,0.0270,wt%,2,4,0.0000,0.0500
OBS/BAU/REC/CIR,n/a,n/a,SLASH_ashesEnergyProductionGenerated,10 01 01_B,n/a,n/a,Br,e-f/s,0.0004,wt%,2,1,0.0004,0.0004
OBS/BAU/REC/CIR,n/a,n/a,SLASH_ashesEnergyProductionGenerated,10 01 01_B,n/a,n/a,Ca,e-f/s,14.4403,wt%,2,36,0.0000,32.8758
OBS/BAU/REC/CIR,n/a,n/a,SLASH_ashesEnergyProductionGenerated,10 01 01_B,n/a,n/a,Cd,e-f/s,0.0002,wt%,2,7,0.0000,0.0004
OBS/BAU/REC/CIR,n/a,n/a,SLASH_ashesEnergyProductionGenerated,10 01 01_B,n/a,n/a,Cl,e-f/s,0.0570,wt%,2,16,0.0000,0.6400
OBS/BAU/REC/CIR,n/a,n/a,SLASH_ashesEnergyProductionGenerated,10 01 01_B,n/a,n/a,Co,e-f/s,0.0001,wt%,2,2,0.0000,0.0003
OBS/BAU/REC/CIR,n/a,n/a,SLASH_ashesEnergyProductionGenerated,10 01 01_B,n/a,n/a,Cr,e-f/s,0.0053,wt%,2,9,0.0000,0.0274
OBS/BAU/REC/CIR,n/a,n/a,SLASH_ashesEnergyProductionGenerated,10 01 01_B,n/a,n/a,Cu,e-f/s,0.0063,wt%,2,8,0.0000,0.0479
OBS/BAU/REC/CIR,n/a,n/a,SLASH_ashesEnergyProductionGenerated,10 01 01_B,n/a,n/a,Fe,e-f/s,1.7450,wt%,2,30,0.0000,5.7000
OBS/BAU/REC/CIR,n/a,n/a,SLASH_ashesEnergyProductionGenerated,10 01 01_B,n/a,n/a,Hg,e-f/s,0.0000,wt%,2,3,0.0000,0.0000
OBS/BAU/REC/CIR,n/a,n/a,SLASH_ashesEnergyProductionGenerated,10 01 01_B,n/a,n/a,K,e-f/s,5.1159,wt%,2,36,0.0000,26.6643
OBS/BAU/REC/CIR,n/a,n/a,SLASH_ashesEnergyProductionGenerated,10 01 01_B,n/a,n/a,Mg,e-f/s,2.7007,wt%,2,36,0.0000,28.0000
OBS/BAU/REC/CIR,n/a,n/a,SLASH_ashesEnergyProductionGenerated,10 01 01_B,n/a,n/a,Mn,e-f/s,0.0778,wt%,2,18,0.0000,1.5600
OBS/BAU/REC/CIR,n/a,n/a,SLASH_ashesEnergyProductionGenerated,10 01 01_B,n/a,n/a,Mo,e-f/s,0.0001,wt%,2,4,0.0000,0.0047
OBS/BAU/REC/CIR,n/a,n/a,SLASH_ashesEnergyProductionGenerated,10 01 01_B,n/a,n/a,Na,e-f/s,0.3600,wt%,2,27,0.0000,3.9900
OBS/BAU/REC/CIR,n/a,n/a,SLASH_ashesEnergyProductionGenerated,10 01 01_B,n/a,n/a,Ni,e-f/s,0.0038,wt%,2,8,0.0000,0.0218
OBS/BAU/REC/CIR,n/a,n/a,SLASH_ashesEnergyProductionGenerated,10 01 01_B,n/a,n/a,P,e-f/s,0.4408,wt%,2,29,0.0000,5.3100
OBS/BAU/REC/CIR,n/a,n/a,SLASH_ashesEnergyProductionGenerated,10 01 01_B,n/a,n/a,Pb,e-f/s,0.0011,wt%,2,7,0.0000,0.0022
OBS/BAU/REC/CIR,n/a,n/a,SLASH_ashesEnergyProductionGenerated,10 01 01_B,n/a,n/a,Rb,e-f/s,0.0091,wt%,2,1,0.0091,0.0091
OBS/BAU/REC/CIR,n/a,n/a,SLASH_ashesEnergyProductionGenerated,10 01 01_B,n/a,n/a,S,e-f/s,0.1000,wt%,2,27,0.0000,1.7000
OBS/BAU/REC/CIR,n/a,n/a,SLASH_ashesEnergyProductionGenerated,10 01 01_B,n/a,n/a,Sb,e-f/s,0.0002,wt%,2,1,0.0002,0.0002
OBS/BAU/REC/CIR,n/a,n/a,SLASH_ashesEnergyProductionGenerated,10 01 01_B,n/a,n/a,Sc,e-f/s,0.0000,wt%,2,1,0.0000,0.0000
OBS/BAU/REC/CIR,n/a,n/a,SLASH_ashesEnergyProductionGenerated,10 01 01_B,n/a,n/a,Si,e-f/s,22.7173,wt%,2,27,0.0250,48.8800
OBS/BAU/REC/CIR,n/a,n/a,SLASH_ashesEnergyProductionGenerated,10 01 01_B,n/a,n/a,Sn,e-f/s,0.0004,wt%,2,1,0.0004,0.0004
OBS/BAU/REC/CIR,n/a,n/a,SLASH_ashesEnergyProductionGenerated,10 01 01_B,n/a,n/a,Sr,e-f/s,0.0382,wt%,2,10,0.0085,0.1251
OBS/BAU/REC/CIR,n/a,n/a,SLASH_ashesEnergyProductionGenerated,10 01 01_B,n/a,n/a,Ti,e-f/s,0.1400,wt%,2,25,0.0000,3.7665
OBS/BAU/REC/CIR,n/a,n/a,SLASH_ashesEnergyProductionGenerated,10 01 01_B,n/a,n/a,V,e-f/s,0.0041,wt%,2,4,0.0000,0.0095
OBS/BAU/REC/CIR,n/a,n/a,SLASH_ashesEnergyProductionGenerated,10 01 01_B,n/a,n/a,Zn,e-f/s,0.0161,wt%,2,15,0.0000,0.2258
OBS/BAU/REC/CIR,n/a,n/a,SLASH_ashesEnergyProductionGenerated,10 01 01_B,n/a,n/a,Zr,e-f/s,0.0133,wt%,2,3,0.0074,0.0222
OBS/BAU/REC/CIR,n/a,n/a,SLASH_ashesEnergyProductionGenerated,10 01 01_B,n/a,n/a,otherOrUndefinedElements,e-f/s,49.5274,wt%,filledDataGap,n/a,n/a,n/a
OBS/BAU/REC/CIR,n/a,n/a,SLASH_ashesEnergyProductionGenerated,10 01 01_C,n/a,n/a,Ag,e-f/s,0.0005,wt%,2,1,0.0005,0.0005
OBS/BAU/REC/CIR,n/a,n/a,SLASH_ashesEnergyProductionGenerated,10 01 01_C,n/a,n/a,Al,e-f/s,10.1749,wt%,2,2,5.7000,14.6499
OBS/BAU/REC/CIR,n/a,n/a,SLASH_ashesEnergyProductionGenerated,10 01 01_C,n/a,n/a,As,e-f/s,0.0005,wt%,2,1,0.0005,0.0005
OBS/BAU/REC/CIR,n/a,n/a,SLASH_ashesEnergyProductionGenerated,10 01 01_C,n/a,n/a,Ba,e-f/s,0.0510,wt%,2,1,0.0510,0.0510
OBS/BAU/REC/CIR,n/a,n/a,SLASH_ashesEnergyProductionGenerated,10 01 01_C,n/a,n/a,Be,e-f/s,0.0003,wt%,2,1,0.0003,0.0003
OBS/BAU/REC/CIR,n/a,n/a,SLASH_ashesEnergyProductionGenerated,10 01 01_C,n/a,n/a,C,e-f/s,1.3200,wt%,2,1,1.3200,1.3200
OBS/BAU/REC/CIR,n/a,n/a,SLASH_ashesEnergyProductionGenerated,10 01 01_C,n/a,n/a,Ca,e-f/s,17.8100,wt%,2,2,13.6200,22.0000
OBS/BAU/REC/CIR,n/a,n/a,SLASH_ashesEnergyProductionGenerated,10 01 01_C,n/a,n/a,Cd,e-f/s,0.0001,wt%,2,1,0.0001,0.0001
OBS/BAU/REC/CIR,n/a,n/a,SLASH_ashesEnergyProductionGenerated,10 01 01_C,n/a,n/a,Ce,e-f/s,0.0070,wt%,2,1,0.0070,0.0070
OBS/BAU/REC/CIR,n/a,n/a,SLASH_ashesEnergyProductionGenerated,10 01 01_C,n/a,n/a,Co,e-f/s,0.0023,wt%,2,2,0.0016,0.0030
OBS/BAU/REC/CIR,n/a,n/a,SLASH_ashesEnergyProductionGenerated,10 01 01_C,n/a,n/a,Cr,e-f/s,0.0234,wt%,2,2,0.0068,0.0400
OBS/BAU/REC/CIR,n/a,n/a,SLASH_ashesEnergyProductionGenerated,10 01 01_C,n/a,n/a,Cu,e-f/s,0.0061,wt%,2,2,0.0045,0.0077
OBS/BAU/REC/CIR,n/a,n/a,SLASH_ashesEnergyProductionGenerated,10 01 01_C,n/a,n/a,Dy,e-f/s,0.0006,wt%,2,1,0.0006,0.0006
OBS/BAU/REC/CIR,n/a,n/a,SLASH_ashesEnergyProductionGenerated,10 01 01_C,n/a,n/a,Er,e-f/s,0.0005,wt%,2,1,0.0005,0.0005
OBS/BAU/REC/CIR,n/a,n/a,SLASH_ashesEnergyProductionGenerated,10 01 01_C,n/a,n/a,Eu,e-f/s,0.0002,wt%,2,1,0.0002,0.0002
OBS/BAU/REC/CIR,n/a,n/a,SLASH_ashesEnergyProductionGenerated,10 01 01_C,n/a,n/a,Fe,e-f/s,5.8800,wt%,2,2,4.5000,7.2600
OBS/BAU/REC/CIR,n/a,n/a,SLASH_ashesEnergyProductionGenerated,10 01 01_C,n/a,n/a,Ga,e-f/s,0.0039,wt%,2,1,0.0039,0.0039
OBS/BAU/REC/CIR,n/a,n/a,SLASH_ashesEnergyProductionGenerated,10 01 01_C,n/a,n/a,Gd,e-f/s,0.0005,wt%,2,1,0.0005,0.0005
OBS/BAU/REC/CIR,n/a,n/a,SLASH_ashesEnergyProductionGenerated,10 01 01_C,n/a,n/a,Hg,e-f/s,0.0000,wt%,2,1,0.0000,0.0000
OBS/BAU/REC/CIR,n/a,n/a,SLASH_ashesEnergyProductionGenerated,10 01 01_C,n/a,n/a,Ho,e-f/s,0.0003,wt%,2,1,0.0003,0.0003
OBS/BAU/REC/CIR,n/a,n/a,SLASH_ashesEnergyProductionGenerated,10 01 01_C,n/a,n/a,K,e-f/s,1.1622,wt%,2,1,1.1622,1.1622
OBS/BAU/REC/CIR,n/a,n/a,SLASH_ashesEnergyProductionGenerated,10 01 01_C,n/a,n/a,La,e-f/s,0.0035,wt%,2,1,0.0035,0.0035
OBS/BAU/REC/CIR,n/a,n/a,SLASH_ashesEnergyProductionGenerated,10 01 01_C,n/a,n/a,Mg,e-f/s,2.3123,wt%,2,2,1.7247,2.9000
OBS/BAU/REC/CIR,n/a,n/a,SLASH_ashesEnergyProductionGenerated,10 01 01_C,n/a,n/a,Mn,e-f/s,0.1432,wt%,2,2,0.0230,0.2634
OBS/BAU/REC/CIR,n/a,n/a,SLASH_ashesEnergyProductionGenerated,10 01 01_C,n/a,n/a,Na,e-f/s,1.0185,wt%,2,2,0.2685,1.7685
OBS/BAU/REC/CIR,n/a,n/a,SLASH_ashesEnergyProductionGenerated,10 01 01_C,n/a,n/a,Nb,e-f/s,0.0010,wt%,2,1,0.0010,0.0010
OBS/BAU/REC/CIR,n/a,n/a,SLASH_ashesEnergyProductionGenerated,10 01 01_C,n/a,n/a,Nd,e-f/s,0.0036,wt%,2,1,0.0036,0.0036
OBS/BAU/REC/CIR,n/a,n/a,SLASH_ashesEnergyProductionGenerated,10 01 01_C,n/a,n/a,Ni,e-f/s,0.0292,wt%,2,2,0.0093,0.0490
OBS/BAU/REC/CIR,n/a,n/a,SLASH_ashesEnergyProductionGenerated,10 01 01_C,n/a,n/a,P,e-f/s,0.2138,wt%,2,1,0.2138,0.2138
OBS/BAU/REC/CIR,n/a,n/a,SLASH_ashesEnergyProductionGenerated,10 01 01_C,n/a,n/a,Pb,e-f/s,0.0010,wt%,2,1,0.0010,0.0010
OBS/BAU/REC/CIR,n/a,n/a,SLASH_ashesEnergyProductionGenerated,10 01 01_C,n/a,n/a,Pr,e-f/s,0.0005,wt%,2,1,0.0005,0.0005
OBS/BAU/REC/CIR,n/a,n/a,SLASH_ashesEnergyProductionGenerated,10 01 01_C,n/a,n/a,S,e-f/s,0.2523,wt%,2,1,0.2523,0.2523
OBS/BAU/REC/CIR,n/a,n/a,SLASH_ashesEnergyProductionGenerated,10 01 01_C,n/a,n/a,Sb,e-f/s,0.0005,wt%,2,1,0.0005,0.0005
OBS/BAU/REC/CIR,n/a,n/a,SLASH_ashesEnergyProductionGenerated,10 01 01_C,n/a,n/a,Sc,e-f/s,0.0021,wt%,2,1,0.0021,0.0021
OBS/BAU/REC/CIR,n/a,n/a,SLASH_ashesEnergyProductionGenerated,10 01 01_C,n/a,n/a,Si,e-f/s,27.0011,wt%,2,1,27.0011,27.0011
OBS/BAU/REC/CIR,n/a,n/a,SLASH_ashesEnergyProductionGenerated,10 01 01_C,n/a,n/a,Sm,e-f/s,0.0012,wt%,2,1,0.0012,0.0012
OBS/BAU/REC/CIR,n/a,n/a,SLASH_ashesEnergyProductionGenerated,10 01 01_C,n/a,n/a,Sr,e-f/s,0.0650,wt%,2,1,0.0650,0.0650
OBS/BAU/REC/CIR,n/a,n/a,SLASH_ashesEnergyProductionGenerated,10 01 01_C,n/a,n/a,Ta,e-f/s,0.0010,wt%,2,1,0.0010,0.0010
OBS/BAU/REC/CIR,n/a,n/a,SLASH_ashesEnergyProductionGenerated,10 01 01_C,n/a,n/a,Tb,e-f/s,0.0005,wt%,2,1,0.0005,0.0005
OBS/BAU/REC/CIR,n/a,n/a,SLASH_ashesEnergyProductionGenerated,10 01 01_C,n/a,n/a,Th,e-f/s,0.0012,wt%,2,1,0.0012,0.0012
OBS/BAU/REC/CIR,n/a,n/a,SLASH_ashesEnergyProductionGenerated,10 01 01_C,n/a,n/a,Ti,e-f/s,0.2175,wt%,2,1,0.2175,0.2175
OBS/BAU/REC/CIR,n/a,n/a,SLASH_ashesEnergyProductionGenerated,10 01 01_C,n/a,n/a,Tm,e-f/s,0.0003,wt%,2,1,0.0003,0.0003
OBS/BAU/REC/CIR,n/a,n/a,SLASH_ashesEnergyProductionGenerated,10 01 01_C,n/a,n/a,V,e-f/s,0.0175,wt%,2,1,0.0175,0.0175
OBS/BAU/REC/CIR,n/a,n/a,SLASH_ashesEnergyProductionGenerated,10 01 01_C,n/a,n/a,Zn,e-f/s,0.0210,wt%,2,1,0.0210,0.0210
OBS/BAU/REC/CIR,n/a,n/a,SLASH_ashesEnergyProductionGenerated,10 01 01_C,n/a,n/a,otherOrUndefinedElements,e-f/s,32.2479,wt%,filledDataGap,n/a,n/a,n/a
OBS/BAU/REC/CIR,n/a,n/a,SLASH_ashesEnergyProductionGenerated,10 01 02,n/a,n/a,Ag,e-f/s,0.0005,wt%,2,1,0.0005,0.0005
OBS/BAU/REC/CIR,n/a,n/a,SLASH_ashesEnergyProductionGenerated,10 01 02,n/a,n/a,Al,e-f/s,12.7655,wt%,2,3,4.7000,15.6706
OBS/BAU/REC/CIR,n/a,n/a,SLASH_ashesEnergyProductionGenerated,10 01 02,n/a,n/a,As,e-f/s,0.0041,wt%,3,36,0.0010,0.0162
OBS/BAU/REC/CIR,n/a,n/a,SLASH_ashesEnergyProductionGenerated,10 01 02,n/a,n/a,Au,e-f/s,0.0001,wt%,3,12,0.0001,0.0003
OBS/BAU/REC/CIR,n/a,n/a,SLASH_ashesEnergyProductionGenerated,10 01 02,n/a,n/a,B,e-f/s,0.0259,wt%,3,23,0.0024,0.0534
OBS/BAU/REC/CIR,n/a,n/a,SLASH_ashesEnergyProductionGenerated,10 01 02,n/a,n/a,Ba,e-f/s,0.1175,wt%,3,24,0.0311,0.3134
OBS/BAU/REC/CIR,n/a,n/a,SLASH_ashesEnergyProductionGenerated,10 01 02,n/a,n/a,Be,e-f/s,0.0008,wt%,3,24,0.0003,0.0034
OBS/BAU/REC/CIR,n/a,n/a,SLASH_ashesEnergyProductionGenerated,10 01 02,n/a,n/a,Bi,e-f/s,0.0001,wt%,3,12,0.0000,0.0002
OBS/BAU/REC/CIR,n/a,n/a,SLASH_ashesEnergyProductionGenerated,10 01 02,n/a,n/a,C,e-f/s,2.5600,wt%,2,2,0.1600,4.9600
OBS/BAU/REC/CIR,n/a,n/a,SLASH_ashesEnergyProductionGenerated,10 01 02,n/a,n/a,Ca,e-f/s,10.1792,wt%,2,3,4.0952,21.5000
OBS/BAU/REC/CIR,n/a,n/a,SLASH_ashesEnergyProductionGenerated,10 01 02,n/a,n/a,Cd,e-f/s,0.0001,wt%,3,36,0.0000,0.0006
OBS/BAU/REC/CIR,n/a,n/a,SLASH_ashesEnergyProductionGenerated,10 01 02,n/a,n/a,Ce,e-f/s,0.0124,wt%,3,14,0.0031,0.0173
OBS/BAU/REC/CIR,n/a,n/a,SLASH_ashesEnergyProductionGenerated,10 01 02,n/a,n/a,Co,e-f/s,0.0035,wt%,3,26,0.0016,0.0112
OBS/BAU/REC/CIR,n/a,n/a,SLASH_ashesEnergyProductionGenerated,10 01 02,n/a,n/a,Cr,e-f/s,0.0153,wt%,3,26,0.0047,0.0380
OBS/BAU/REC/CIR,n/a,n/a,SLASH_ashesEnergyProductionGenerated,10 01 02,n/a,n/a,Cu,e-f/s,0.0071,wt%,3,38,0.0013,0.0254
OBS/BAU/REC/CIR,n/a,n/a,SLASH_ashesEnergyProductionGenerated,10 01 02,n/a,n/a,Dy,e-f/s,0.0008,wt%,3,14,0.0003,0.0012
OBS/BAU/REC/CIR,n/a,n/a,SLASH_ashesEnergyProductionGenerated,10 01 02,n/a,n/a,Er,e-f/s,0.0005,wt%,3,14,0.0002,0.0007
OBS/BAU/REC/CIR,n/a,n/a,SLASH_ashesEnergyProductionGenerated,10 01 02,n/a,n/a,Eu,e-f/s,0.0002,wt%,3,14,0.0001,0.0004
OBS/BAU/REC/CIR,n/a,n/a,SLASH_ashesEnergyProductionGenerated,10 01 02,n/a,n/a,Fe,e-f/s,6.3368,wt%,2,3,5.5000,6.8963
OBS/BAU/REC/CIR,n/a,n/a,SLASH_ashesEnergyProductionGenerated,10 01 02,n/a,n/a,Ga,e-f/s,0.0045,wt%,2,1,0.0045,0.0045
OBS/BAU/REC/CIR,n/a,n/a,SLASH_ashesEnergyProductionGenerated,10 01 02,n/a,n/a,Gd,e-f/s,0.0009,wt%,3,14,0.0003,0.0015
OBS/BAU/REC/CIR,n/a,n/a,SLASH_ashesEnergyProductionGenerated,10 01 02,n/a,n/a,Ge,e-f/s,0.0007,wt%,3,23,0.0001,0.0061
OBS/BAU/REC/CIR,n/a,n/a,SLASH_ashesEnergyProductionGenerated,10 01 02,n/a,n/a,Hg,e-f/s,0.0000,wt%,3,36,0.0000,0.0001
OBS/BAU/REC/CIR,n/a,n/a,SLASH_ashesEnergyProductionGenerated,10 01 02,n/a,n/a,Ho,e-f/s,0.0002,wt%,3,14,0.0001,0.0003
OBS/BAU/REC/CIR,n/a,n/a,SLASH_ashesEnergyProductionGenerated,10 01 02,n/a,n/a,K,e-f/s,2.3908,wt%,2,3,1.4943,2.5984
OBS/BAU/REC/CIR,n/a,n/a,SLASH_ashesEnergyProductionGenerated,10 01 02,n/a,n/a,La,e-f/s,0.0060,wt%,3,14,0.0016,0.0082
OBS/BAU/REC/CIR,n/a,n/a,SLASH_ashesEnergyProductionGenerated,10 01 02,n/a,n/a,Li,e-f/s,0.0165,wt%,3,46,0.0036,0.0924
OBS/BAU/REC/CIR,n/a,n/a,SLASH_ashesEnergyProductionGenerated,10 01 02,n/a,n/a,Lu,e-f/s,0.0001,wt%,3,13,0.0000,0.0001
OBS/BAU/REC/CIR,n/a,n/a,SLASH_ashesEnergyProductionGenerated,10 01 02,n/a,n/a,Mg,e-f/s,2.1951,wt%,2,3,1.6161,2.5000
OBS/BAU/REC/CIR,n/a,n/a,SLASH_ashesEnergyProductionGenerated,10 01 02,n/a,n/a,Mn,e-f/s,0.0430,wt%,2,3,0.0245,0.1717
OBS/BAU/REC/CIR,n/a,n/a,SLASH_ashesEnergyProductionGenerated,10 01 02,n/a,n/a,Mo,e-f/s,0.0010,wt%,3,35,0.0002,0.0022
OBS/BAU/REC/CIR,n/a,n/a,SLASH_ashesEnergyProductionGenerated,10 01 02,n/a,n/a,Na,e-f/s,0.5270,wt%,2,4,0.2077,1.0362
OBS/BAU/REC/CIR,n/a,n/a,SLASH_ashesEnergyProductionGenerated,10 01 02,n/a,n/a,Nb,e-f/s,0.0010,wt%,2,1,0.0010,0.0010
OBS/BAU/REC/CIR,n/a,n/a,SLASH_ashesEnergyProductionGenerated,10 01 02,n/a,n/a,Nd,e-f/s,0.0054,wt%,3,14,0.0013,0.0081
OBS/BAU/REC/CIR,n/a,n/a,SLASH_ashesEnergyProductionGenerated,10 01 02,n/a,n/a,Ni,e-f/s,0.0087,wt%,3,38,0.0020,0.0520
OBS/BAU/REC/CIR,n/a,n/a,SLASH_ashesEnergyProductionGenerated,10 01 02,n/a,n/a,P,e-f/s,0.1964,wt%,2,3,0.0873,0.2182
OBS/BAU/REC/CIR,n/a,n/a,SLASH_ashesEnergyProductionGenerated,10 01 02,n/a,n/a,Pb,e-f/s,0.0059,wt%,3,36,0.0003,0.1075
OBS/BAU/REC/CIR,n/a,n/a,SLASH_ashesEnergyProductionGenerated,10 01 02,n/a,n/a,Pr,e-f/s,0.0014,wt%,3,14,0.0003,0.0021
OBS/BAU/REC/CIR,n/a,n/a,SLASH_ashesEnergyProductionGenerated,10 01 02,n/a,n/a,Rb,e-f/s,0.0108,wt%,3,23,0.0022,0.0202
OBS/BAU/REC/CIR,n/a,n/a,SLASH_ashesEnergyProductionGenerated,10 01 02,n/a,n/a,REE,e-f/s,0.0255,wt%,2,1,0.0255,0.0255
OBS/BAU/REC/CIR,n/a,n/a,SLASH_ashesEnergyProductionGenerated,10 01 02,n/a,n/a,S,e-f/s,0.5847,wt%,2,3,0.3244,1.5219
OBS/BAU/REC/CIR,n/a,n/a,SLASH_ashesEnergyProductionGenerated,10 01 02,n/a,n/a,Sb,e-f/s,0.0004,wt%,3,36,0.0000,0.0120
OBS/BAU/REC/CIR,n/a,n/a,SLASH_ashesEnergyProductionGenerated,10 01 02,n/a,n/a,Sc,e-f/s,0.0023,wt%,3,14,0.0002,0.0045
OBS/BAU/REC/CIR,n/a,n/a,SLASH_ashesEnergyProductionGenerated,10 01 02,n/a,n/a,Se,e-f/s,0.0006,wt%,3,32,0.0001,0.0030
OBS/BAU/REC/CIR,n/a,n/a,SLASH_ashesEnergyProductionGenerated,10 01 02,n/a,n/a,Si,e-f/s,23.1175,wt%,2,2,22.3434,23.8916
OBS/BAU/REC/CIR,n/a,n/a,SLASH_ashesEnergyProductionGenerated,10 01 02,n/a,n/a,Sm,e-f/s,0.0011,wt%,3,14,0.0003,0.0017
OBS/BAU/REC/CIR,n/a,n/a,SLASH_ashesEnergyProductionGenerated,10 01 02,n/a,n/a,Sn,e-f/s,0.0008,wt%,3,23,0.0004,0.0015
OBS/BAU/REC/CIR,n/a,n/a,SLASH_ashesEnergyProductionGenerated,10 01 02,n/a,n/a,Sr,e-f/s,0.0665,wt%,3,24,0.0131,0.4406
OBS/BAU/REC/CIR,n/a,n/a,SLASH_ashesEnergyProductionGenerated,10 01 02,n/a,n/a,Ta,e-f/s,0.0020,wt%,2,1,0.0020,0.0020
OBS/BAU/REC/CIR,n/a,n/a,SLASH_ashesEnergyProductionGenerated,10 01 02,n/a,n/a,Tb,e-f/s,0.0002,wt%,3,14,0.0000,0.0005
OBS/BAU/REC/CIR,n/a,n/a,SLASH_ashesEnergyProductionGenerated,10 01 02,n/a,n/a,Th,e-f/s,0.0030,wt%,3,24,0.0012,0.0065
OBS/BAU/REC/CIR,n/a,n/a,SLASH_ashesEnergyProductionGenerated,10 01 02,n/a,n/a,Ti,e-f/s,0.3974,wt%,2,2,0.2075,0.5874
OBS/BAU/REC/CIR,n/a,n/a,SLASH_ashesEnergyProductionGenerated,10 01 02,n/a,n/a,Tl,e-f/s,0.0001,wt%,3,12,0.0000,0.0001
OBS/BAU/REC/CIR,n/a,n/a,SLASH_ashesEnergyProductionGenerated,10 01 02,n/a,n/a,Tm,e-f/s,0.0001,wt%,3,14,0.0000,0.0003
OBS/BAU/REC/CIR,n/a,n/a,SLASH_ashesEnergyProductionGenerated,10 01 02,n/a,n/a,U,e-f/s,0.0013,wt%,3,24,0.0005,0.0029
OBS/BAU/REC/CIR,n/a,n/a,SLASH_ashesEnergyProductionGenerated,10 01 02,n/a,n/a,V,e-f/s,0.0226,wt%,3,25,0.0154,0.0514
OBS/BAU/REC/CIR,n/a,n/a,SLASH_ashesEnergyProductionGenerated,10 01 02,n/a,n/a,Y,e-f/s,0.0048,wt%,3,14,0.0018,0.0073
OBS/BAU/REC/CIR,n/a,n/a,SLASH_ashesEnergyProductionGenerated,10 01 02,n/a,n/a,Yb,e-f/s,0.0004,wt%,3,14,0.0002,0.0007
OBS/BAU/REC/CIR,n/a,n/a,SLASH_ashesEnergyProductionGenerated,10 01 02,n/a,n/a,Zn,e-f/s,0.0081,wt%,3,15,0.0011,0.0310
OBS/BAU/REC/CIR,n/a,n/a,SLASH_ashesEnergyProductionGenerated,10 01 02,n/a,n/a,Zr,e-f/s,0.0152,wt%,2,1,0.0152,0.0152
OBS/BAU/REC/CIR,n/a,n/a,SLASH_ashesEnergyProductionGenerated,10 01 02,n/a,n/a,otherOrUndefinedElements,e-f/s,38.2999,wt%,filledDataGap,n/a,n/a,n/a
OBS/BAU/REC/CIR,n/a,n/a,SLASH_ashesEnergyProductionGenerated,10 01 03,n/a,n/a,Ag,e-f/s,0.0002,wt%,2,2,0.0002,0.0002
OBS/BAU/REC/CIR,n/a,n/a,SLASH_ashesEnergyProductionGenerated,10 01 03,n/a,n/a,Al,e-f/s,2.1550,wt%,2,90,0.0000,12.2204
OBS/BAU/REC/CIR,n/a,n/a,SLASH_ashesEnergyProductionGenerated,10 01 03,n/a,n/a,As,e-f/s,0.0002,wt%,2,37,0.0000,0.0243
OBS/BAU/REC/CIR,n/a,n/a,SLASH_ashesEnergyProductionGenerated,10 01 03,n/a,n/a,B,e-f/s,0.0241,wt%,2,8,0.0000,0.0438
OBS/BAU/REC/CIR,n/a,n/a,SLASH_ashesEnergyProductionGenerated,10 01 03,n/a,n/a,Ba,e-f/s,0.1000,wt%,2,21,0.0000,0.6000
OBS/BAU/REC/CIR,n/a,n/a,SLASH_ashesEnergyProductionGenerated,10 01 03,n/a,n/a,Be,e-f/s,0.0600,wt%,2,1,0.0600,0.0600
OBS/BAU/REC/CIR,n/a,n/a,SLASH_ashesEnergyProductionGenerated,10 01 03,n/a,n/a,Br,e-f/s,0.0070,wt%,2,3,0.0070,0.0070
OBS/BAU/REC/CIR,n/a,n/a,SLASH_ashesEnergyProductionGenerated,10 01 03,n/a,n/a,Ca,e-f/s,16.6429,wt%,2,115,0.0000,55.3385
OBS/BAU/REC/CIR,n/a,n/a,SLASH_ashesEnergyProductionGenerated,10 01 03,n/a,n/a,Cd,e-f/s,0.0008,wt%,2,29,0.0000,0.0657
OBS/BAU/REC/CIR,n/a,n/a,SLASH_ashesEnergyProductionGenerated,10 01 03,n/a,n/a,Ce,e-f/s,0.0171,wt%,2,8,0.0005,0.0378
OBS/BAU/REC/CIR,n/a,n/a,SLASH_ashesEnergyProductionGenerated,10 01 03,n/a,n/a,Cl,e-f/s,1.3000,wt%,2,39,0.0000,21.6000
OBS/BAU/REC/CIR,n/a,n/a,SLASH_ashesEnergyProductionGenerated,10 01 03,n/a,n/a,Co,e-f/s,0.0009,wt%,2,15,0.0000,0.0041
OBS/BAU/REC/CIR,n/a,n/a,SLASH_ashesEnergyProductionGenerated,10 01 03,n/a,n/a,Cr,e-f/s,0.0039,wt%,2,46,0.0000,0.0866
OBS/BAU/REC/CIR,n/a,n/a,SLASH_ashesEnergyProductionGenerated,10 01 03,n/a,n/a,Cu,e-f/s,0.0129,wt%,2,52,0.0000,0.2380
OBS/BAU/REC/CIR,n/a,n/a,SLASH_ashesEnergyProductionGenerated,10 01 03,n/a,n/a,Dy,e-f/s,0.0009,wt%,2,7,0.0005,0.0015
OBS/BAU/REC/CIR,n/a,n/a,SLASH_ashesEnergyProductionGenerated,10 01 03,n/a,n/a,Er,e-f/s,0.0005,wt%,2,7,0.0003,0.0008
OBS/BAU/REC/CIR,n/a,n/a,SLASH_ashesEnergyProductionGenerated,10 01 03,n/a,n/a,Eu,e-f/s,0.0003,wt%,2,7,0.0001,0.0004
OBS/BAU/REC/CIR,n/a,n/a,SLASH_ashesEnergyProductionGenerated,10 01 03,n/a,n/a,Fe,e-f/s,1.3289,wt%,2,99,0.0000,18.3319
OBS/BAU/REC/CIR,n/a,n/a,SLASH_ashesEnergyProductionGenerated,10 01 03,n/a,n/a,Gd,e-f/s,0.0013,wt%,2,7,0.0006,0.0020
OBS/BAU/REC/CIR,n/a,n/a,SLASH_ashesEnergyProductionGenerated,10 01 03,n/a,n/a,Hg,e-f/s,0.0000,wt%,2,12,0.0000,0.0003
OBS/BAU/REC/CIR,n/a,n/a,SLASH_ashesEnergyProductionGenerated,10 01 03,n/a,n/a,Ho,e-f/s,0.0002,wt%,2,7,0.0001,0.0003
OBS/BAU/REC/CIR,n/a,n/a,SLASH_ashesEnergyProductionGenerated,10 01 03,n/a,n/a,K,e-f/s,5.3960,wt%,2,119,0.0000,40.7104
OBS/BAU/REC/CIR,n/a,n/a,SLASH_ashesEnergyProductionGenerated,10 01 03,n/a,n/a,La,e-f/s,0.0091,wt%,2,7,0.0042,0.0187
OBS/BAU/REC/CIR,n/a,n/a,SLASH_ashesEnergyProductionGenerated,10 01 03,n/a,n/a,Li,e-f/s,0.0005,wt%,2,1,0.0005,0.0005
OBS/BAU/REC/CIR,n/a,n/a,SLASH_ashesEnergyProductionGenerated,10 01 03,n/a,n/a,Lu,e-f/s,0.0001,wt%,2,7,0.0000,0.0001
OBS/BAU/REC/CIR,n/a,n/a,SLASH_ashesEnergyProductionGenerated,10 01 03,n/a,n/a,Mg,e-f/s,2.2976,wt%,2,105,0.0000,29.0663
OBS/BAU/REC/CIR,n/a,n/a,SLASH_ashesEnergyProductionGenerated,10 01 03,n/a,n/a,Mn,e-f/s,0.2312,wt%,2,76,0.0000,3.2605
OBS/BAU/REC/CIR,n/a,n/a,SLASH_ashesEnergyProductionGenerated,10 01 03,n/a,n/a,Mo,e-f/s,0.0002,wt%,2,6,0.0000,0.0003
OBS/BAU/REC/CIR,n/a,n/a,SLASH_ashesEnergyProductionGenerated,10 01 03,n/a,n/a,Na,e-f/s,0.6083,wt%,2,92,0.0000,9.0000
OBS/BAU/REC/CIR,n/a,n/a,SLASH_ashesEnergyProductionGenerated,10 01 03,n/a,n/a,Nd,e-f/s,0.0084,wt%,2,7,0.0038,0.0150
OBS/BAU/REC/CIR,n/a,n/a,SLASH_ashesEnergyProductionGenerated,10 01 03,n/a,n/a,Ni,e-f/s,0.0062,wt%,2,48,0.0000,0.4584
OBS/BAU/REC/CIR,n/a,n/a,SLASH_ashesEnergyProductionGenerated,10 01 03,n/a,n/a,P,e-f/s,0.8597,wt%,2,120,0.0000,10.0115
OBS/BAU/REC/CIR,n/a,n/a,SLASH_ashesEnergyProductionGenerated,10 01 03,n/a,n/a,Pb,e-f/s,0.0045,wt%,2,47,0.0000,1.0280
OBS/BAU/REC/CIR,n/a,n/a,SLASH_ashesEnergyProductionGenerated,10 01 03,n/a,n/a,Pr,e-f/s,0.0021,wt%,2,7,0.0010,0.0040
OBS/BAU/REC/CIR,n/a,n/a,SLASH_ashesEnergyProductionGenerated,10 01 03,n/a,n/a,Rb,e-f/s,0.0273,wt%,2,4,0.0091,0.0338
OBS/BAU/REC/CIR,n/a,n/a,SLASH_ashesEnergyProductionGenerated,10 01 03,n/a,n/a,S,e-f/s,1.0012,wt%,2,81,0.0000,7.6895
OBS/BAU/REC/CIR,n/a,n/a,SLASH_ashesEnergyProductionGenerated,10 01 03,n/a,n/a,Sb,e-f/s,0.0014,wt%,2,6,0.0001,0.0146
OBS/BAU/REC/CIR,n/a,n/a,SLASH_ashesEnergyProductionGenerated,10 01 03,n/a,n/a,Sc,e-f/s,0.0015,wt%,2,1,0.0015,0.0015
OBS/BAU/REC/CIR,n/a,n/a,SLASH_ashesEnergyProductionGenerated,10 01 03,n/a,n/a,Se,e-f/s,0.0001,wt%,2,1,0.0001,0.0001
OBS/BAU/REC/CIR,n/a,n/a,SLASH_ashesEnergyProductionGenerated,10 01 03,n/a,n/a,Si,e-f/s,9.4422,wt%,2,79,0.0047,31.7108
OBS/BAU/REC/CIR,n/a,n/a,SLASH_ashesEnergyProductionGenerated,10 01 03,n/a,n/a,Sm,e-f/s,0.0014,wt%,2,7,0.0007,0.0024
OBS/BAU/REC/CIR,n/a,n/a,SLASH_ashesEnergyProductionGenerated,10 01 03,n/a,n/a,Sn,e-f/s,0.0015,wt%,2,3,0.0005,0.0071
OBS/BAU/REC/CIR,n/a,n/a,SLASH_ashesEnergyProductionGenerated,10 01 03,n/a,n/a,Sr,e-f/s,0.0423,wt%,2,21,0.0265,0.1776
OBS/BAU/REC/CIR,n/a,n/a,SLASH_ashesEnergyProductionGenerated,10 01 03,n/a,n/a,Tb,e-f/s,0.0002,wt%,2,7,0.0001,0.0003
OBS/BAU/REC/CIR,n/a,n/a,SLASH_ashesEnergyProductionGenerated,10 01 03,n/a,n/a,Ti,e-f/s,0.1349,wt%,2,76,0.0000,0.9800
OBS/BAU/REC/CIR,n/a,n/a,SLASH_ashesEnergyProductionGenerated,10 01 03,n/a,n/a,Tm,e-f/s,0.0001,wt%,2,7,0.0000,0.0001
OBS/BAU/REC/CIR,n/a,n/a,SLASH_ashesEnergyProductionGenerated,10 01 03,n/a,n/a,V,e-f/s,0.0051,wt%,2,16,0.0000,0.1008
OBS/BAU/REC/CIR,n/a,n/a,SLASH_ashesEnergyProductionGenerated,10 01 03,n/a,n/a,Y,e-f/s,0.0048,wt%,2,7,0.0026,0.0084
OBS/BAU/REC/CIR,n/a,n/a,SLASH_ashesEnergyProductionGenerated,10 01 03,n/a,n/a,Yb,e-f/s,0.0005,wt%,2,7,0.0003,0.0007
OBS/BAU/REC/CIR,n/a,n/a,SLASH_ashesEnergyProductionGenerated,10 01 03,n/a,n/a,Zn,e-f/s,0.0374,wt%,2,64,0.0000,4.5667
OBS/BAU/REC/CIR,n/a,n/a,SLASH_ashesEnergyProductionGenerated,10 01 03,n/a,n/a,Zr,e-f/s,0.0148,wt%,2,3,0.0148,38.7000
OBS/BAU/REC/CIR,n/a,n/a,SLASH_ashesEnergyProductionGenerated,10 01 03,n/a,n/a,otherOrUndefinedElements,e-f/s,58.2026,wt%,filledDataGap,n/a,n/a,n/a
OBS/BAU/REC/CIR,n/a,n/a,SLASH_ashesEnergyProductionGenerated,10 01 15_A,n/a,n/a,Al,e-f/s,0.8000,wt%,2,35,0.0529,3.2284
OBS/BAU/REC/CIR,n/a,n/a,SLASH_ashesEnergyProductionGenerated,10 01 15_A,n/a,n/a,As,e-f/s,0.0000,wt%,2,19,0.0000,0.0002
OBS/BAU/REC/CIR,n/a,n/a,SLASH_ashesEnergyProductionGenerated,10 01 15_A,n/a,n/a,Ba,e-f/s,0.0269,wt%,2,4,0.0269,0.0287
OBS/BAU/REC/CIR,n/a,n/a,SLASH_ashesEnergyProductionGenerated,10 01 15_A,n/a,n/a,Ca,e-f/s,8.8838,wt%,2,56,0.2204,37.8572
OBS/BAU/REC/CIR,n/a,n/a,SLASH_ashesEnergyProductionGenerated,10 01 15_A,n/a,n/a,Cl,e-f/s,0.2905,wt%,2,6,0.0700,4.7200
OBS/BAU/REC/CIR,n/a,n/a,SLASH_ashesEnergyProductionGenerated,10 01 15_A,n/a,n/a,Co,e-f/s,0.0016,wt%,2,3,0.0012,0.0022
OBS/BAU/REC/CIR,n/a,n/a,SLASH_ashesEnergyProductionGenerated,10 01 15_A,n/a,n/a,Cr,e-f/s,0.0064,wt%,2,26,0.0011,0.5061
OBS/BAU/REC/CIR,n/a,n/a,SLASH_ashesEnergyProductionGenerated,10 01 15_A,n/a,n/a,Cu,e-f/s,0.0087,wt%,2,28,0.0022,0.0944
OBS/BAU/REC/CIR,n/a,n/a,SLASH_ashesEnergyProductionGenerated,10 01 15_A,n/a,n/a,Fe,e-f/s,0.5686,wt%,2,58,0.0003,6.3648
OBS/BAU/REC/CIR,n/a,n/a,SLASH_ashesEnergyProductionGenerated,10 01 15_A,n/a,n/a,K,e-f/s,13.2000,wt%,2,57,0.5880,39.0003
OBS/BAU/REC/CIR,n/a,n/a,SLASH_ashesEnergyProductionGenerated,10 01 15_A,n/a,n/a,Mg,e-f/s,2.2133,wt%,2,38,0.1236,7.3088
OBS/BAU/REC/CIR,n/a,n/a,SLASH_ashesEnergyProductionGenerated,10 01 15_A,n/a,n/a,Mn,e-f/s,0.0451,wt%,2,52,0.0000,0.4647
OBS/BAU/REC/CIR,n/a,n/a,SLASH_ashesEnergyProductionGenerated,10 01 15_A,n/a,n/a,Na,e-f/s,0.2819,wt%,2,35,0.0037,10.0600
OBS/BAU/REC/CIR,n/a,n/a,SLASH_ashesEnergyProductionGenerated,10 01 15_A,n/a,n/a,Ni,e-f/s,0.0040,wt%,2,27,0.0007,0.0525
OBS/BAU/REC/CIR,n/a,n/a,SLASH_ashesEnergyProductionGenerated,10 01 15_A,n/a,n/a,P,e-f/s,1.5605,wt%,2,50,0.1666,15.3000
OBS/BAU/REC/CIR,n/a,n/a,SLASH_ashesEnergyProductionGenerated,10 01 15_A,n/a,n/a,Pb,e-f/s,0.0007,wt%,2,20,0.0004,0.0067
OBS/BAU/REC/CIR,n/a,n/a,SLASH_ashesEnergyProductionGenerated,10 01 15_A,n/a,n/a,Rb,e-f/s,0.0337,wt%,2,4,0.0070,0.0512
OBS/BAU/REC/CIR,n/a,n/a,SLASH_ashesEnergyProductionGenerated,10 01 15_A,n/a,n/a,S,e-f/s,0.6344,wt%,2,36,0.0022,2.5752
OBS/BAU/REC/CIR,n/a,n/a,SLASH_ashesEnergyProductionGenerated,10 01 15_A,n/a,n/a,Si,e-f/s,18.7800,wt%,2,33,0.0050,44.8270
OBS/BAU/REC/CIR,n/a,n/a,SLASH_ashesEnergyProductionGenerated,10 01 15_A,n/a,n/a,Sr,e-f/s,0.0592,wt%,2,7,0.0296,0.5099
OBS/BAU/REC/CIR,n/a,n/a,SLASH_ashesEnergyProductionGenerated,10 01 15_A,n/a,n/a,Ti,e-f/s,0.0479,wt%,2,27,0.0000,0.2997
OBS/BAU/REC/CIR,n/a,n/a,SLASH_ashesEnergyProductionGenerated,10 01 15_A,n/a,n/a,V,e-f/s,0.0032,wt%,2,2,0.0024,0.0040
OBS/BAU/REC/CIR,n/a,n/a,SLASH_ashesEnergyProductionGenerated,10 01 15_A,n/a,n/a,Zn,e-f/s,0.0258,wt%,2,32,0.0046,0.7660
OBS/BAU/REC/CIR,n/a,n/a,SLASH_ashesEnergyProductionGenerated,10 01 15_A,n/a,n/a,Zr,e-f/s,0.0089,wt%,2,3,0.0074,0.0106
OBS/BAU/REC/CIR,n/a,n/a,SLASH_ashesEnergyProductionGenerated,10 01 15_A,n/a,n/a,otherOrUndefinedElements,e-f/s,52.5149,wt%,filledDataGap,n/a,n/a,n/a
OBS/BAU/REC/CIR,n/a,n/a,SLASH_ashesEnergyProductionGenerated,10 01 15_B,n/a,n/a,Ag,e-f/s,0.0000,wt%,2,1,0.0000,0.0000
OBS/BAU/REC/CIR,n/a,n/a,SLASH_ashesEnergyProductionGenerated,10 01 15_B,n/a,n/a,Al,e-f/s,0.5300,wt%,2,30,0.0015,3.1596
OBS/BAU/REC/CIR,n/a,n/a,SLASH_ashesEnergyProductionGenerated,10 01 15_B,n/a,n/a,B,e-f/s,0.0112,wt%,2,6,0.0004,0.0186
OBS/BAU/REC/CIR,n/a,n/a,SLASH_ashesEnergyProductionGenerated,10 01 15_B,n/a,n/a,Ba,e-f/s,0.0218,wt%,2,18,0.0037,2.6869
OBS/BAU/REC/CIR,n/a,n/a,SLASH_ashesEnergyProductionGenerated,10 01 15_B,n/a,n/a,Bi,e-f/s,0.0001,wt%,2,5,0.0000,0.0001
OBS/BAU/REC/CIR,n/a,n/a,SLASH_ashesEnergyProductionGenerated,10 01 15_B,n/a,n/a,Ca,e-f/s,21.8571,wt%,2,33,1.2936,36.8450
OBS/BAU/REC/CIR,n/a,n/a,SLASH_ashesEnergyProductionGenerated,10 01 15_B,n/a,n/a,Cd,e-f/s,0.0001,wt%,2,7,0.0000,0.0004
OBS/BAU/REC/CIR,n/a,n/a,SLASH_ashesEnergyProductionGenerated,10 01 15_B,n/a,n/a,Ce,e-f/s,0.0005,wt%,2,2,0.0001,0.0010
OBS/BAU/REC/CIR,n/a,n/a,SLASH_ashesEnergyProductionGenerated,10 01 15_B,n/a,n/a,Cl,e-f/s,2.0000,wt%,2,11,0.3000,45.6000
OBS/BAU/REC/CIR,n/a,n/a,SLASH_ashesEnergyProductionGenerated,10 01 15_B,n/a,n/a,Co,e-f/s,0.0009,wt%,2,9,0.0001,0.0016
OBS/BAU/REC/CIR,n/a,n/a,SLASH_ashesEnergyProductionGenerated,10 01 15_B,n/a,n/a,Cr,e-f/s,0.0030,wt%,2,13,0.0006,0.0136
OBS/BAU/REC/CIR,n/a,n/a,SLASH_ashesEnergyProductionGenerated,10 01 15_B,n/a,n/a,Cu,e-f/s,0.0183,wt%,2,17,0.0003,0.0880
OBS/BAU/REC/CIR,n/a,n/a,SLASH_ashesEnergyProductionGenerated,10 01 15_B,n/a,n/a,Fe,e-f/s,0.6614,wt%,2,32,0.0298,15.3000
OBS/BAU/REC/CIR,n/a,n/a,SLASH_ashesEnergyProductionGenerated,10 01 15_B,n/a,n/a,K,e-f/s,2.6565,wt%,2,33,0.2407,25.4911
OBS/BAU/REC/CIR,n/a,n/a,SLASH_ashesEnergyProductionGenerated,10 01 15_B,n/a,n/a,Li,e-f/s,0.0001,wt%,2,1,0.0001,0.0001
OBS/BAU/REC/CIR,n/a,n/a,SLASH_ashesEnergyProductionGenerated,10 01 15_B,n/a,n/a,Mg,e-f/s,1.2400,wt%,2,31,0.3700,6.2000
OBS/BAU/REC/CIR,n/a,n/a,SLASH_ashesEnergyProductionGenerated,10 01 15_B,n/a,n/a,Mn,e-f/s,0.1353,wt%,2,24,0.0004,1.3834
OBS/BAU/REC/CIR,n/a,n/a,SLASH_ashesEnergyProductionGenerated,10 01 15_B,n/a,n/a,Mo,e-f/s,0.0009,wt%,2,4,0.0001,0.0024
OBS/BAU/REC/CIR,n/a,n/a,SLASH_ashesEnergyProductionGenerated,10 01 15_B,n/a,n/a,Na,e-f/s,2.3742,wt%,2,31,0.3487,8.8000
OBS/BAU/REC/CIR,n/a,n/a,SLASH_ashesEnergyProductionGenerated,10 01 15_B,n/a,n/a,Ni,e-f/s,0.0022,wt%,2,13,0.0004,0.0093
OBS/BAU/REC/CIR,n/a,n/a,SLASH_ashesEnergyProductionGenerated,10 01 15_B,n/a,n/a,P,e-f/s,9.8196,wt%,2,35,0.0480,18.9000
OBS/BAU/REC/CIR,n/a,n/a,SLASH_ashesEnergyProductionGenerated,10 01 15_B,n/a,n/a,Pb,e-f/s,0.0004,wt%,2,13,0.0001,0.0049
OBS/BAU/REC/CIR,n/a,n/a,SLASH_ashesEnergyProductionGenerated,10 01 15_B,n/a,n/a,Rb,e-f/s,0.0013,wt%,2,3,0.0002,0.0014
OBS/BAU/REC/CIR,n/a,n/a,SLASH_ashesEnergyProductionGenerated,10 01 15_B,n/a,n/a,S,e-f/s,1.0867,wt%,2,20,0.1642,3.8720
OBS/BAU/REC/CIR,n/a,n/a,SLASH_ashesEnergyProductionGenerated,10 01 15_B,n/a,n/a,Sb,e-f/s,0.0005,wt%,2,3,0.0004,0.0009
OBS/BAU/REC/CIR,n/a,n/a,SLASH_ashesEnergyProductionGenerated,10 01 15_B,n/a,n/a,Sc,e-f/s,0.0022,wt%,2,2,0.0018,0.0026
OBS/BAU/REC/CIR,n/a,n/a,SLASH_ashesEnergyProductionGenerated,10 01 15_B,n/a,n/a,Si,e-f/s,4.8067,wt%,2,21,0.0100,35.2800
OBS/BAU/REC/CIR,n/a,n/a,SLASH_ashesEnergyProductionGenerated,10 01 15_B,n/a,n/a,Sn,e-f/s,0.0006,wt%,2,2,0.0002,0.0010
OBS/BAU/REC/CIR,n/a,n/a,SLASH_ashesEnergyProductionGenerated,10 01 15_B,n/a,n/a,Sr,e-f/s,0.0195,wt%,2,18,0.0050,4.2278
OBS/BAU/REC/CIR,n/a,n/a,SLASH_ashesEnergyProductionGenerated,10 01 15_B,n/a,n/a,Ti,e-f/s,0.0633,wt%,2,18,0.0002,0.6593
OBS/BAU/REC/CIR,n/a,n/a,SLASH_ashesEnergyProductionGenerated,10 01 15_B,n/a,n/a,V,e-f/s,0.0034,wt%,2,4,0.0003,0.0206
OBS/BAU/REC/CIR,n/a,n/a,SLASH_ashesEnergyProductionGenerated,10 01 15_B,n/a,n/a,Zn,e-f/s,0.0469,wt%,2,19,0.0039,0.2410
OBS/BAU/REC/CIR,n/a,n/a,SLASH_ashesEnergyProductionGenerated,10 01 15_B,n/a,n/a,Zr,e-f/s,0.0002,wt%,2,2,0.0002,0.0003
OBS/BAU/REC/CIR,n/a,n/a,SLASH_ashesEnergyProductionGenerated,10 01 15_B,n/a,n/a,otherOrUndefinedElements,e-f/s,52.6352,wt%,filledDataGap,n/a,n/a,n/a
OBS/BAU/REC/CIR,n/a,n/a,SLASH_ashesEnergyProductionGenerated,10 01 15_P,n/a,n/a,Co,e-f/s,0.0002,wt%,2,1,0.0002,0.0002
OBS/BAU/REC/CIR,n/a,n/a,SLASH_ashesEnergyProductionGenerated,10 01 15_P,n/a,n/a,Cr,e-f/s,0.0039,wt%,2,1,0.0039,0.0039
OBS/BAU/REC/CIR,n/a,n/a,SLASH_ashesEnergyProductionGenerated,10 01 15_P,n/a,n/a,Cu,e-f/s,0.0209,wt%,2,1,0.0209,0.0209
OBS/BAU/REC/CIR,n/a,n/a,SLASH_ashesEnergyProductionGenerated,10 01 15_P,n/a,n/a,Mn,e-f/s,0.0078,wt%,2,1,0.0078,0.0078
OBS/BAU/REC/CIR,n/a,n/a,SLASH_ashesEnergyProductionGenerated,10 01 15_P,n/a,n/a,Ni,e-f/s,0.0009,wt%,2,1,0.0009,0.0009
OBS/BAU/REC/CIR,n/a,n/a,SLASH_ashesEnergyProductionGenerated,10 01 15_P,n/a,n/a,Zn,e-f/s,0.0104,wt%,2,1,0.0104,0.0104
OBS/BAU/REC/CIR,n/a,n/a,SLASH_ashesEnergyProductionGenerated,10 01 15_P,n/a,n/a,otherOrUndefinedElements,e-f/s,99.9559,wt%,filledDataGap,n/a,n/a,n/a
OBS/BAU/REC/CIR,n/a,n/a,SLASH_ashesEnergyProductionGenerated,10 01 16*,n/a,n/a,Al,e-f/s,7.2550,wt%,2,2,3.7100,10.8000
OBS/BAU/REC/CIR,n/a,n/a,SLASH_ashesEnergyProductionGenerated,10 01 16*,n/a,n/a,Ca,e-f/s,15.1856,wt%,2,2,12.3713,18.0000
OBS/BAU/REC/CIR,n/a,n/a,SLASH_ashesEnergyProductionGenerated,10 01 16*,n/a,n/a,Fe,e-f/s,2.0780,wt%,2,2,1.6800,2.4760
OBS/BAU/REC/CIR,n/a,n/a,SLASH_ashesEnergyProductionGenerated,10 01 16*,n/a,n/a,K,e-f/s,9.9026,wt%,2,2,1.1600,18.6451
OBS/BAU/REC/CIR,n/a,n/a,SLASH_ashesEnergyProductionGenerated,10 01 16*,n/a,n/a,Mg,e-f/s,3.7871,wt%,2,1,3.7871,3.7871
OBS/BAU/REC/CIR,n/a,n/a,SLASH_ashesEnergyProductionGenerated,10 01 16*,n/a,n/a,Na,e-f/s,1.2488,wt%,2,2,1.1276,1.3700
OBS/BAU/REC/CIR,n/a,n/a,SLASH_ashesEnergyProductionGenerated,10 01 16*,n/a,n/a,P,e-f/s,0.4500,wt%,2,1,0.4500,0.4500
OBS/BAU/REC/CIR,n/a,n/a,SLASH_ashesEnergyProductionGenerated,10 01 16*,n/a,n/a,Si,e-f/s,14.1961,wt%,2,2,11.2000,17.1923
OBS/BAU/REC/CIR,n/a,n/a,SLASH_ashesEnergyProductionGenerated,10 01 16*,n/a,n/a,Ti,e-f/s,0.3600,wt%,2,1,0.3600,0.3600
OBS/BAU/REC/CIR,n/a,n/a,SLASH_ashesEnergyProductionGenerated,10 01 16*,n/a,n/a,otherOrUndefinedElements,e-f/s,45.5368,wt%,filledDataGap,n/a,n/a,n/a
OBS/BAU/REC/CIR,n/a,n/a,SLASH_ashesEnergyProductionGenerated,10 01 17_A,n/a,n/a,Al,e-f/s,1.6630,wt%,2,10,0.2820,3.6836
OBS/BAU/REC/CIR,n/a,n/a,SLASH_ashesEnergyProductionGenerated,10 01 17_A,n/a,n/a,Ca,e-f/s,7.3200,wt%,2,13,0.0003,17.1400
OBS/BAU/REC/CIR,n/a,n/a,SLASH_ashesEnergyProductionGenerated,10 01 17_A,n/a,n/a,Cd,e-f/s,0.0011,wt%,2,1,0.0011,0.0011
OBS/BAU/REC/CIR,n/a,n/a,SLASH_ashesEnergyProductionGenerated,10 01 17_A,n/a,n/a,Cl,e-f/s,12.9600,wt%,2,2,6.9200,19.0000
OBS/BAU/REC/CIR,n/a,n/a,SLASH_ashesEnergyProductionGenerated,10 01 17_A,n/a,n/a,Co,e-f/s,0.0019,wt%,2,1,0.0019,0.0019
OBS/BAU/REC/CIR,n/a,n/a,SLASH_ashesEnergyProductionGenerated,10 01 17_A,n/a,n/a,Cr,e-f/s,0.0014,wt%,2,3,0.0007,0.0320
OBS/BAU/REC/CIR,n/a,n/a,SLASH_ashesEnergyProductionGenerated,10 01 17_A,n/a,n/a,Cu,e-f/s,0.0393,wt%,2,3,0.0030,0.0400
OBS/BAU/REC/CIR,n/a,n/a,SLASH_ashesEnergyProductionGenerated,10 01 17_A,n/a,n/a,Fe,e-f/s,2.4000,wt%,2,9,0.0440,12.9061
OBS/BAU/REC/CIR,n/a,n/a,SLASH_ashesEnergyProductionGenerated,10 01 17_A,n/a,n/a,K,e-f/s,7.6798,wt%,2,12,0.0011,43.0000
OBS/BAU/REC/CIR,n/a,n/a,SLASH_ashesEnergyProductionGenerated,10 01 17_A,n/a,n/a,Li,e-f/s,0.0051,wt%,2,1,0.0051,0.0051
OBS/BAU/REC/CIR,n/a,n/a,SLASH_ashesEnergyProductionGenerated,10 01 17_A,n/a,n/a,Mg,e-f/s,1.9681,wt%,2,13,0.0001,4.0162
OBS/BAU/REC/CIR,n/a,n/a,SLASH_ashesEnergyProductionGenerated,10 01 17_A,n/a,n/a,Mn,e-f/s,0.0484,wt%,2,8,0.0220,0.3489
OBS/BAU/REC/CIR,n/a,n/a,SLASH_ashesEnergyProductionGenerated,10 01 17_A,n/a,n/a,Na,e-f/s,0.7950,wt%,2,13,0.0000,2.9788
OBS/BAU/REC/CIR,n/a,n/a,SLASH_ashesEnergyProductionGenerated,10 01 17_A,n/a,n/a,Ni,e-f/s,0.0150,wt%,2,2,0.0010,0.0290
OBS/BAU/REC/CIR,n/a,n/a,SLASH_ashesEnergyProductionGenerated,10 01 17_A,n/a,n/a,P,e-f/s,1.1600,wt%,2,9,0.0009,2.1908
OBS/BAU/REC/CIR,n/a,n/a,SLASH_ashesEnergyProductionGenerated,10 01 17_A,n/a,n/a,S,e-f/s,1.6271,wt%,2,4,0.3200,7.9000
OBS/BAU/REC/CIR,n/a,n/a,SLASH_ashesEnergyProductionGenerated,10 01 17_A,n/a,n/a,Si,e-f/s,9.8582,wt%,2,10,0.1440,39.5606
OBS/BAU/REC/CIR,n/a,n/a,SLASH_ashesEnergyProductionGenerated,10 01 17_A,n/a,n/a,Ti,e-f/s,0.2337,wt%,2,3,0.0530,0.2547
OBS/BAU/REC/CIR,n/a,n/a,SLASH_ashesEnergyProductionGenerated,10 01 17_A,n/a,n/a,V,e-f/s,0.0045,wt%,2,1,0.0045,0.0045
OBS/BAU/REC/CIR,n/a,n/a,SLASH_ashesEnergyProductionGenerated,10 01 17_A,n/a,n/a,Zn,e-f/s,0.1030,wt%,2,3,0.0130,0.1060
OBS/BAU/REC/CIR,n/a,n/a,SLASH_ashesEnergyProductionGenerated,10 01 17_A,n/a,n/a,otherOrUndefinedElements,e-f/s,52.1154,wt%,filledDataGap,n/a,n/a,n/a
OBS/BAU/REC/CIR,n/a,n/a,SLASH_ashesEnergyProductionGenerated,10 01 17_B,n/a,n/a,Al,e-f/s,0.4235,wt%,2,11,0.1580,0.9306
OBS/BAU/REC/CIR,n/a,n/a,SLASH_ashesEnergyProductionGenerated,10 01 17_B,n/a,n/a,As,e-f/s,0.0026,wt%,2,2,0.0025,0.0026
OBS/BAU/REC/CIR,n/a,n/a,SLASH_ashesEnergyProductionGenerated,10 01 17_B,n/a,n/a,B,e-f/s,0.0147,wt%,2,2,0.0023,0.0270
OBS/BAU/REC/CIR,n/a,n/a,SLASH_ashesEnergyProductionGenerated,10 01 17_B,n/a,n/a,Ba,e-f/s,0.0158,wt%,2,3,0.0092,0.0185
OBS/BAU/REC/CIR,n/a,n/a,SLASH_ashesEnergyProductionGenerated,10 01 17_B,n/a,n/a,Bi,e-f/s,0.0001,wt%,2,3,0.0001,0.0001
OBS/BAU/REC/CIR,n/a,n/a,SLASH_ashesEnergyProductionGenerated,10 01 17_B,n/a,n/a,Br,e-f/s,0.0142,wt%,2,1,0.0142,0.0142
OBS/BAU/REC/CIR,n/a,n/a,SLASH_ashesEnergyProductionGenerated,10 01 17_B,n/a,n/a,Ca,e-f/s,12.7000,wt%,2,15,4.5000,32.8000
OBS/BAU/REC/CIR,n/a,n/a,SLASH_ashesEnergyProductionGenerated,10 01 17_B,n/a,n/a,Cd,e-f/s,0.0003,wt%,2,5,0.0000,0.0005
OBS/BAU/REC/CIR,n/a,n/a,SLASH_ashesEnergyProductionGenerated,10 01 17_B,n/a,n/a,Ce,e-f/s,0.0007,wt%,2,2,0.0005,0.0010
OBS/BAU/REC/CIR,n/a,n/a,SLASH_ashesEnergyProductionGenerated,10 01 17_B,n/a,n/a,Cl,e-f/s,1.5600,wt%,2,6,0.0720,11.2000
OBS/BAU/REC/CIR,n/a,n/a,SLASH_ashesEnergyProductionGenerated,10 01 17_B,n/a,n/a,Co,e-f/s,0.0017,wt%,2,4,0.0001,0.0074
OBS/BAU/REC/CIR,n/a,n/a,SLASH_ashesEnergyProductionGenerated,10 01 17_B,n/a,n/a,Cr,e-f/s,0.0031,wt%,2,8,0.0016,0.0155
OBS/BAU/REC/CIR,n/a,n/a,SLASH_ashesEnergyProductionGenerated,10 01 17_B,n/a,n/a,Cu,e-f/s,0.0445,wt%,2,13,0.0068,0.0698
OBS/BAU/REC/CIR,n/a,n/a,SLASH_ashesEnergyProductionGenerated,10 01 17_B,n/a,n/a,Fe,e-f/s,0.5000,wt%,2,15,0.2216,1.4000
OBS/BAU/REC/CIR,n/a,n/a,SLASH_ashesEnergyProductionGenerated,10 01 17_B,n/a,n/a,K,e-f/s,9.1200,wt%,2,14,0.0000,27.4660
OBS/BAU/REC/CIR,n/a,n/a,SLASH_ashesEnergyProductionGenerated,10 01 17_B,n/a,n/a,Mg,e-f/s,3.5000,wt%,2,13,0.5000,5.2000
OBS/BAU/REC/CIR,n/a,n/a,SLASH_ashesEnergyProductionGenerated,10 01 17_B,n/a,n/a,Mn,e-f/s,0.2600,wt%,2,13,0.0080,0.4200
OBS/BAU/REC/CIR,n/a,n/a,SLASH_ashesEnergyProductionGenerated,10 01 17_B,n/a,n/a,Mo,e-f/s,0.0028,wt%,2,4,0.0020,0.0079
OBS/BAU/REC/CIR,n/a,n/a,SLASH_ashesEnergyProductionGenerated,10 01 17_B,n/a,n/a,Na,e-f/s,2.1887,wt%,2,13,1.6000,15.5000
OBS/BAU/REC/CIR,n/a,n/a,SLASH_ashesEnergyProductionGenerated,10 01 17_B,n/a,n/a,Ni,e-f/s,0.0062,wt%,2,10,0.0006,0.0120
OBS/BAU/REC/CIR,n/a,n/a,SLASH_ashesEnergyProductionGenerated,10 01 17_B,n/a,n/a,P,e-f/s,7.6889,wt%,2,16,2.3000,15.4000
OBS/BAU/REC/CIR,n/a,n/a,SLASH_ashesEnergyProductionGenerated,10 01 17_B,n/a,n/a,Pb,e-f/s,0.0010,wt%,2,9,0.0008,0.0051
OBS/BAU/REC/CIR,n/a,n/a,SLASH_ashesEnergyProductionGenerated,10 01 17_B,n/a,n/a,Rb,e-f/s,0.0078,wt%,2,4,0.0030,0.0119
OBS/BAU/REC/CIR,n/a,n/a,SLASH_ashesEnergyProductionGenerated,10 01 17_B,n/a,n/a,S,e-f/s,4.0900,wt%,2,10,1.8000,6.8800
OBS/BAU/REC/CIR,n/a,n/a,SLASH_ashesEnergyProductionGenerated,10 01 17_B,n/a,n/a,Sb,e-f/s,0.0025,wt%,2,2,0.0012,0.0037
OBS/BAU/REC/CIR,n/a,n/a,SLASH_ashesEnergyProductionGenerated,10 01 17_B,n/a,n/a,Sc,e-f/s,0.0029,wt%,2,2,0.0027,0.0032
OBS/BAU/REC/CIR,n/a,n/a,SLASH_ashesEnergyProductionGenerated,10 01 17_B,n/a,n/a,Se,e-f/s,0.0017,wt%,2,2,0.0012,0.0022
OBS/BAU/REC/CIR,n/a,n/a,SLASH_ashesEnergyProductionGenerated,10 01 17_B,n/a,n/a,Si,e-f/s,4.6013,wt%,2,9,1.2700,6.7667
OBS/BAU/REC/CIR,n/a,n/a,SLASH_ashesEnergyProductionGenerated,10 01 17_B,n/a,n/a,Sn,e-f/s,0.0036,wt%,2,2,0.0023,0.0048
OBS/BAU/REC/CIR,n/a,n/a,SLASH_ashesEnergyProductionGenerated,10 01 17_B,n/a,n/a,Sr,e-f/s,0.0191,wt%,2,7,0.0093,0.0300
OBS/BAU/REC/CIR,n/a,n/a,SLASH_ashesEnergyProductionGenerated,10 01 17_B,n/a,n/a,Ti,e-f/s,0.0386,wt%,2,9,0.0121,0.0842
OBS/BAU/REC/CIR,n/a,n/a,SLASH_ashesEnergyProductionGenerated,10 01 17_B,n/a,n/a,V,e-f/s,0.0187,wt%,2,2,0.0178,0.0197
OBS/BAU/REC/CIR,n/a,n/a,SLASH_ashesEnergyProductionGenerated,10 01 17_B,n/a,n/a,Zn,e-f/s,0.1755,wt%,2,13,0.0529,0.3800
OBS/BAU/REC/CIR,n/a,n/a,SLASH_ashesEnergyProductionGenerated,10 01 17_B,n/a,n/a,Zr,e-f/s,0.0003,wt%,2,2,0.0003,0.0003
OBS/BAU/REC/CIR,n/a,n/a,SLASH_ashesEnergyProductionGenerated,10 01 17_B,n/a,n/a,otherOrUndefinedElements,e-f/s,52.9895,wt%,filledDataGap,n/a,n/a,n/a
OBS/BAU/REC/CIR,n/a,n/a,SLASH_ashesEnergyProductionGenerated,10 01 17_P,n/a,n/a,Al,e-f/s,27.1000,wt%,2,1,27.1000,27.1000
OBS/BAU/REC/CIR,n/a,n/a,SLASH_ashesEnergyProductionGenerated,10 01 17_P,n/a,n/a,Ca,e-f/s,0.1200,wt%,2,1,0.1200,0.1200
OBS/BAU/REC/CIR,n/a,n/a,SLASH_ashesEnergyProductionGenerated,10 01 17_P,n/a,n/a,Fe,e-f/s,1.6100,wt%,2,1,1.6100,1.6100
OBS/BAU/REC/CIR,n/a,n/a,SLASH_ashesEnergyProductionGenerated,10 01 17_P,n/a,n/a,K,e-f/s,0.2500,wt%,2,1,0.2500,0.2500
OBS/BAU/REC/CIR,n/a,n/a,SLASH_ashesEnergyProductionGenerated,10 01 17_P,n/a,n/a,Na,e-f/s,1.0900,wt%,2,1,1.0900,1.0900
OBS/BAU/REC/CIR,n/a,n/a,SLASH_ashesEnergyProductionGenerated,10 01 17_P,n/a,n/a,P,e-f/s,0.1300,wt%,2,1,0.1300,0.1300
OBS/BAU/REC/CIR,n/a,n/a,SLASH_ashesEnergyProductionGenerated,10 01 17_P,n/a,n/a,Si,e-f/s,9.4900,wt%,2,1,9.4900,9.4900
OBS/BAU/REC/CIR,n/a,n/a,SLASH_ashesEnergyProductionGenerated,10 01 17_P,n/a,n/a,Ti,e-f/s,3.6400,wt%,2,1,3.6400,3.6400
OBS/BAU/REC/CIR,n/a,n/a,SLASH_ashesEnergyProductionGenerated,10 01 17_P,n/a,n/a,otherOrUndefinedElements,e-f/s,56.5700,wt%,filledDataGap,n/a,n/a,n/a
OBS/BAU/REC/CIR,n/a,n/a,SLASH_slagsMetallurgical,10 02 02,n/a,n/a,Ag,e-f/s,0.0000,wt%,2,1,0.0000,0.0000
OBS/BAU/REC/CIR,n/a,n/a,SLASH_slagsMetallurgical,10 02 02,n/a,n/a,Al,e-f/s,5.5000,wt%,2,32,0.4000,17.2722
OBS/BAU/REC/CIR,n/a,n/a,SLASH_slagsMetallurgical,10 02 02,n/a,n/a,As,e-f/s,0.0003,wt%,2,3,0.0000,0.0010
OBS/BAU/REC/CIR,n/a,n/a,SLASH_slagsMetallurgical,10 02 02,n/a,n/a,Ba,e-f/s,0.0300,wt%,2,27,0.0030,0.6000
OBS/BAU/REC/CIR,n/a,n/a,SLASH_slagsMetallurgical,10 02 02,n/a,n/a,Be,e-f/s,0.0001,wt%,2,2,0.0001,0.0001
OBS/BAU/REC/CIR,n/a,n/a,SLASH_slagsMetallurgical,10 02 02,n/a,n/a,C,e-f/s,2.0000,wt%,2,3,0.2200,2.8030
OBS/BAU/REC/CIR,n/a,n/a,SLASH_slagsMetallurgical,10 02 02,n/a,n/a,Ca,e-f/s,19.0000,wt%,2,32,1.7000,66.2145
OBS/BAU/REC/CIR,n/a,n/a,SLASH_slagsMetallurgical,10 02 02,n/a,n/a,Cd,e-f/s,0.0002,wt%,2,3,0.0000,0.0002
OBS/BAU/REC/CIR,n/a,n/a,SLASH_slagsMetallurgical,10 02 02,n/a,n/a,Ce,e-f/s,0.0020,wt%,2,2,0.0019,0.0021
OBS/BAU/REC/CIR,n/a,n/a,SLASH_slagsMetallurgical,10 02 02,n/a,n/a,Cl,e-f/s,0.0100,wt%,2,2,0.0000,0.0200
OBS/BAU/REC/CIR,n/a,n/a,SLASH_slagsMetallurgical,10 02 02,n/a,n/a,Co,e-f/s,0.0013,wt%,2,2,0.0009,0.0016
OBS/BAU/REC/CIR,n/a,n/a,SLASH_slagsMetallurgical,10 02 02,n/a,n/a,Cr,e-f/s,0.4000,wt%,2,31,0.0000,12.6000
OBS/BAU/REC/CIR,n/a,n/a,SLASH_slagsMetallurgical,10 02 02,n/a,n/a,Cu,e-f/s,0.0180,wt%,2,26,0.0000,0.0800
OBS/BAU/REC/CIR,n/a,n/a,SLASH_slagsMetallurgical,10 02 02,n/a,n/a,Dy,e-f/s,0.0001,wt%,2,2,0.0001,0.0001
OBS/BAU/REC/CIR,n/a,n/a,SLASH_slagsMetallurgical,10 02 02,n/a,n/a,Er,e-f/s,0.0001,wt%,2,2,0.0001,0.0001
OBS/BAU/REC/CIR,n/a,n/a,SLASH_slagsMetallurgical,10 02 02,n/a,n/a,Eu,e-f/s,0.0000,wt%,2,2,0.0000,0.0000
OBS/BAU/REC/CIR,n/a,n/a,SLASH_slagsMetallurgical,10 02 02,n/a,n/a,Fe,e-f/s,14.7500,wt%,2,32,0.7204,38.4684
OBS/BAU/REC/CIR,n/a,n/a,SLASH_slagsMetallurgical,10 02 02,n/a,n/a,Ga,e-f/s,0.0007,wt%,2,3,0.0001,0.0010
OBS/BAU/REC/CIR,n/a,n/a,SLASH_slagsMetallurgical,10 02 02,n/a,n/a,Gd,e-f/s,0.0001,wt%,2,2,0.0001,0.0002
OBS/BAU/REC/CIR,n/a,n/a,SLASH_slagsMetallurgical,10 02 02,n/a,n/a,Hg,e-f/s,0.0000,wt%,2,2,0.0000,0.0000
OBS/BAU/REC/CIR,n/a,n/a,SLASH_slagsMetallurgical,10 02 02,n/a,n/a,Ho,e-f/s,0.0000,wt%,2,2,0.0000,0.0000
OBS/BAU/REC/CIR,n/a,n/a,SLASH_slagsMetallurgical,10 02 02,n/a,n/a,K,e-f/s,0.0300,wt%,2,29,0.0000,1.1000
OBS/BAU/REC/CIR,n/a,n/a,SLASH_slagsMetallurgical,10 02 02,n/a,n/a,La,e-f/s,0.0023,wt%,2,2,0.0014,0.0032
OBS/BAU/REC/CIR,n/a,n/a,SLASH_slagsMetallurgical,10 02 02,n/a,n/a,Li,e-f/s,0.0009,wt%,2,3,0.0004,0.0016
OBS/BAU/REC/CIR,n/a,n/a,SLASH_slagsMetallurgical,10 02 02,n/a,n/a,Lu,e-f/s,0.0000,wt%,2,2,0.0000,0.0000
OBS/BAU/REC/CIR,n/a,n/a,SLASH_slagsMetallurgical,10 02 02,n/a,n/a,Mg,e-f/s,5.5500,wt%,2,32,0.7000,29.4000
OBS/BAU/REC/CIR,n/a,n/a,SLASH_slagsMetallurgical,10 02 02,n/a,n/a,Mn,e-f/s,1.6500,wt%,2,28,0.0802,8.9000
OBS/BAU/REC/CIR,n/a,n/a,SLASH_slagsMetallurgical,10 02 02,n/a,n/a,Mo,e-f/s,0.0155,wt%,2,4,0.0002,0.1300
OBS/BAU/REC/CIR,n/a,n/a,SLASH_slagsMetallurgical,10 02 02,n/a,n/a,Na,e-f/s,0.0500,wt%,2,25,0.0020,0.4451
OBS/BAU/REC/CIR,n/a,n/a,SLASH_slagsMetallurgical,10 02 02,n/a,n/a,Nb,e-f/s,0.0105,wt%,2,2,0.0005,0.0205
OBS/BAU/REC/CIR,n/a,n/a,SLASH_slagsMetallurgical,10 02 02,n/a,n/a,Nd,e-f/s,0.0008,wt%,2,2,0.0008,0.0008
OBS/BAU/REC/CIR,n/a,n/a,SLASH_slagsMetallurgical,10 02 02,n/a,n/a,Ni,e-f/s,0.0100,wt%,2,25,0.0010,0.0308
OBS/BAU/REC/CIR,n/a,n/a,SLASH_slagsMetallurgical,10 02 02,n/a,n/a,P,e-f/s,0.1100,wt%,2,29,0.0044,0.5237
OBS/BAU/REC/CIR,n/a,n/a,SLASH_slagsMetallurgical,10 02 02,n/a,n/a,Pb,e-f/s,0.0100,wt%,2,25,0.0000,2.4000
OBS/BAU/REC/CIR,n/a,n/a,SLASH_slagsMetallurgical,10 02 02,n/a,n/a,Pr,e-f/s,0.0002,wt%,2,2,0.0002,0.0002
OBS/BAU/REC/CIR,n/a,n/a,SLASH_slagsMetallurgical,10 02 02,n/a,n/a,S,e-f/s,0.2400,wt%,2,26,0.0400,0.8891
OBS/BAU/REC/CIR,n/a,n/a,SLASH_slagsMetallurgical,10 02 02,n/a,n/a,Sb,e-f/s,0.0003,wt%,2,2,0.0003,0.0003
OBS/BAU/REC/CIR,n/a,n/a,SLASH_slagsMetallurgical,10 02 02,n/a,n/a,Sc,e-f/s,0.0003,wt%,2,2,0.0003,0.0003
OBS/BAU/REC/CIR,n/a,n/a,SLASH_slagsMetallurgical,10 02 02,n/a,n/a,Se,e-f/s,0.0006,wt%,2,2,0.0005,0.0008
OBS/BAU/REC/CIR,n/a,n/a,SLASH_slagsMetallurgical,10 02 02,n/a,n/a,Si,e-f/s,5.3000,wt%,2,32,0.6000,30.3000
OBS/BAU/REC/CIR,n/a,n/a,SLASH_slagsMetallurgical,10 02 02,n/a,n/a,Sm,e-f/s,0.0001,wt%,2,2,0.0001,0.0002
OBS/BAU/REC/CIR,n/a,n/a,SLASH_slagsMetallurgical,10 02 02,n/a,n/a,Sn,e-f/s,0.5000,wt%,2,2,0.3000,0.7000
OBS/BAU/REC/CIR,n/a,n/a,SLASH_slagsMetallurgical,10 02 02,n/a,n/a,Sr,e-f/s,0.0200,wt%,2,26,0.0030,0.0600
OBS/BAU/REC/CIR,n/a,n/a,SLASH_slagsMetallurgical,10 02 02,n/a,n/a,Ta,e-f/s,0.0001,wt%,2,2,0.0000,0.0003
OBS/BAU/REC/CIR,n/a,n/a,SLASH_slagsMetallurgical,10 02 02,n/a,n/a,Tb,e-f/s,0.0000,wt%,2,1,0.0000,0.0000
OBS/BAU/REC/CIR,n/a,n/a,SLASH_slagsMetallurgical,10 02 02,n/a,n/a,Ti,e-f/s,0.2500,wt%,2,26,0.0000,0.7600
OBS/BAU/REC/CIR,n/a,n/a,SLASH_slagsMetallurgical,10 02 02,n/a,n/a,Tl,e-f/s,0.0000,wt%,2,2,0.0000,0.0000
OBS/BAU/REC/CIR,n/a,n/a,SLASH_slagsMetallurgical,10 02 02,n/a,n/a,Tm,e-f/s,0.0000,wt%,2,2,0.0000,0.0000
OBS/BAU/REC/CIR,n/a,n/a,SLASH_slagsMetallurgical,10 02 02,n/a,n/a,U,e-f/s,0.0004,wt%,2,2,0.0003,0.0005
OBS/BAU/REC/CIR,n/a,n/a,SLASH_slagsMetallurgical,10 02 02,n/a,n/a,V,e-f/s,0.0500,wt%,2,31,0.0000,0.8402
OBS/BAU/REC/CIR,n/a,n/a,SLASH_slagsMetallurgical,10 02 02,n/a,n/a,W,e-f/s,0.0199,wt%,2,2,0.0097,0.0300
OBS/BAU/REC/CIR,n/a,n/a,SLASH_slagsMetallurgical,10 02 02,n/a,n/a,Y,e-f/s,0.0008,wt%,2,2,0.0008,0.0009
OBS/BAU/REC/CIR,n/a,n/a,SLASH_slagsMetallurgical,10 02 02,n/a,n/a,Yb,e-f/s,0.0001,wt%,2,2,0.0001,0.0001
OBS/BAU/REC/CIR,n/a,n/a,SLASH_slagsMetallurgical,10 02 02,n/a,n/a,Zn,e-f/s,0.2000,wt%,2,27,0.0030,2.9000
OBS/BAU/REC/CIR,n/a,n/a,SLASH_slagsMetallurgical,10 02 02,n/a,n/a,Zr,e-f/s,0.0413,wt%,2,1,0.0413,0.0413
OBS/BAU/REC/CIR,n/a,n/a,SLASH_slagsMetallurgical,10 02 02,n/a,n/a,otherOrUndefinedElements,e-f/s,44.2231,wt%,filledDataGap,n/a,n/a,n/a
OBS/BAU/REC/CIR,n/a,n/a,SLASH_slagsMetallurgical,10 02 02_AOD,n/a,n/a,Al,e-f/s,1.0903,wt%,3,1,1.0903,1.0903
OBS/BAU/REC/CIR,n/a,n/a,SLASH_slagsMetallurgical,10 02 02_AOD,n/a,n/a,Ca,e-f/s,46.5601,wt%,2,1,46.5601,46.5601
OBS/BAU/REC/CIR,n/a,n/a,SLASH_slagsMetallurgical,10 02 02_AOD,n/a,n/a,Cr,e-f/s,0.1711,wt%,3,1,0.1711,0.1711
OBS/BAU/REC/CIR,n/a,n/a,SLASH_slagsMetallurgical,10 02 02_AOD,n/a,n/a,F,e-f/s,4.5650,wt%,3,1,4.5650,4.5650
OBS/BAU/REC/CIR,n/a,n/a,SLASH_slagsMetallurgical,10 02 02_AOD,n/a,n/a,Fe,e-f/s,0.1555,wt%,3,1,0.1555,0.1555
OBS/BAU/REC/CIR,n/a,n/a,SLASH_slagsMetallurgical,10 02 02_AOD,n/a,n/a,Mg,e-f/s,1.2423,wt%,2,1,1.2423,1.2423
OBS/BAU/REC/CIR,n/a,n/a,SLASH_slagsMetallurgical,10 02 02_AOD,n/a,n/a,Mn,e-f/s,0.1084,wt%,2,1,0.1084,0.1084
OBS/BAU/REC/CIR,n/a,n/a,SLASH_slagsMetallurgical,10 02 02_AOD,n/a,n/a,Si,e-f/s,12.3169,wt%,3,1,12.3169,12.3169
OBS/BAU/REC/CIR,n/a,n/a,SLASH_slagsMetallurgical,10 02 02_AOD,n/a,n/a,Ti,e-f/s,0.0959,wt%,3,1,0.0959,0.0959
OBS/BAU/REC/CIR,n/a,n/a,SLASH_slagsMetallurgical,10 02 02_AOD,n/a,n/a,otherOrUndefinedElements,e-f/s,33.6947,wt%,filledDataGap,n/a,n/a,n/a
OBS/BAU/REC/CIR,n/a,n/a,SLASH_slagsMetallurgical,10 02 02_BF,n/a,n/a,Al,e-f/s,6.6791,wt%,3,3,6.6686,6.8167
OBS/BAU/REC/CIR,n/a,n/a,SLASH_slagsMetallurgical,10 02 02_BF,n/a,n/a,Ba,e-f/s,0.1600,wt%,3,1,0.1600,0.1600
OBS/BAU/REC/CIR,n/a,n/a,SLASH_slagsMetallurgical,10 02 02_BF,n/a,n/a,Ca,e-f/s,29.1308,wt%,2,3,23.5848,29.7669
OBS/BAU/REC/CIR,n/a,n/a,SLASH_slagsMetallurgical,10 02 02_BF,n/a,n/a,Ce,e-f/s,0.0143,wt%,2,1,0.0143,0.0143
OBS/BAU/REC/CIR,n/a,n/a,SLASH_slagsMetallurgical,10 02 02_BF,n/a,n/a,Cr,e-f/s,0.0014,wt%,3,1,0.0014,0.0014
OBS/BAU/REC/CIR,n/a,n/a,SLASH_slagsMetallurgical,10 02 02_BF,n/a,n/a,Cu,e-f/s,0.0017,wt%,2,1,0.0017,0.0017
OBS/BAU/REC/CIR,n/a,n/a,SLASH_slagsMetallurgical,10 02 02_BF,n/a,n/a,Fe,e-f/s,0.3047,wt%,3,2,0.2176,0.3917
OBS/BAU/REC/CIR,n/a,n/a,SLASH_slagsMetallurgical,10 02 02_BF,n/a,n/a,Ga,e-f/s,0.0011,wt%,2,1,0.0011,0.0011
OBS/BAU/REC/CIR,n/a,n/a,SLASH_slagsMetallurgical,10 02 02_BF,n/a,n/a,K,e-f/s,0.4898,wt%,3,3,0.2490,1.2867
OBS/BAU/REC/CIR,n/a,n/a,SLASH_slagsMetallurgical,10 02 02_BF,n/a,n/a,La,e-f/s,0.0074,wt%,2,1,0.0074,0.0074
OBS/BAU/REC/CIR,n/a,n/a,SLASH_slagsMetallurgical,10 02 02_BF,n/a,n/a,Mg,e-f/s,4.7037,wt%,2,3,4.4142,5.2524
OBS/BAU/REC/CIR,n/a,n/a,SLASH_slagsMetallurgical,10 02 02_BF,n/a,n/a,Mn,e-f/s,0.3600,wt%,2,3,0.3563,0.9216
OBS/BAU/REC/CIR,n/a,n/a,SLASH_slagsMetallurgical,10 02 02_BF,n/a,n/a,Na,e-f/s,0.1780,wt%,3,3,0.1632,0.4080
OBS/BAU/REC/CIR,n/a,n/a,SLASH_slagsMetallurgical,10 02 02_BF,n/a,n/a,Nb,e-f/s,0.0013,wt%,2,1,0.0013,0.0013
OBS/BAU/REC/CIR,n/a,n/a,SLASH_slagsMetallurgical,10 02 02_BF,n/a,n/a,Ni,e-f/s,0.0015,wt%,3,1,0.0015,0.0015
OBS/BAU/REC/CIR,n/a,n/a,SLASH_slagsMetallurgical,10 02 02_BF,n/a,n/a,P,e-f/s,0.0175,wt%,2,1,0.0175,0.0175
OBS/BAU/REC/CIR,n/a,n/a,SLASH_slagsMetallurgical,10 02 02_BF,n/a,n/a,Pb,e-f/s,0.0020,wt%,3,1,0.0020,0.0020
OBS/BAU/REC/CIR,n/a,n/a,SLASH_slagsMetallurgical,10 02 02_BF,n/a,n/a,Rb,e-f/s,0.0062,wt%,3,1,0.0062,0.0062
OBS/BAU/REC/CIR,n/a,n/a,SLASH_slagsMetallurgical,10 02 02_BF,n/a,n/a,S,e-f/s,0.8850,wt%,3,2,0.7300,1.0400
OBS/BAU/REC/CIR,n/a,n/a,SLASH_slagsMetallurgical,10 02 02_BF,n/a,n/a,Sc,e-f/s,0.0011,wt%,2,1,0.0011,0.0011
OBS/BAU/REC/CIR,n/a,n/a,SLASH_slagsMetallurgical,10 02 02_BF,n/a,n/a,Si,e-f/s,16.0751,wt%,3,3,14.0698,17.3699
OBS/BAU/REC/CIR,n/a,n/a,SLASH_slagsMetallurgical,10 02 02_BF,n/a,n/a,Sr,e-f/s,0.1450,wt%,2,1,0.1450,0.1450
OBS/BAU/REC/CIR,n/a,n/a,SLASH_slagsMetallurgical,10 02 02_BF,n/a,n/a,Ti,e-f/s,0.2997,wt%,3,2,0.2577,0.3416
OBS/BAU/REC/CIR,n/a,n/a,SLASH_slagsMetallurgical,10 02 02_BF,n/a,n/a,V,e-f/s,0.0018,wt%,2,1,0.0018,0.0018
OBS/BAU/REC/CIR,n/a,n/a,SLASH_slagsMetallurgical,10 02 02_BF,n/a,n/a,Y,e-f/s,0.0076,wt%,2,1,0.0076,0.0076
OBS/BAU/REC/CIR,n/a,n/a,SLASH_slagsMetallurgical,10 02 02_BF,n/a,n/a,Zn,e-f/s,0.0030,wt%,3,1,0.0030,0.0030
OBS/BAU/REC/CIR,n/a,n/a,SLASH_slagsMetallurgical,10 02 02_BF,n/a,n/a,Zr,e-f/s,0.0281,wt%,3,1,0.0281,0.0281
OBS/BAU/REC/CIR,n/a,n/a,SLASH_slagsMetallurgical,10 02 02_BF,n/a,n/a,otherOrUndefinedElements,e-f/s,40.4932,wt%,filledDataGap,n/a,n/a,n/a
OBS/BAU/REC/CIR,n/a,n/a,SLASH_slagsMetallurgical,10 02 02_BOF,n/a,n/a,Al,e-f/s,1.5878,wt%,3,5,1.0056,7.4095
OBS/BAU/REC/CIR,n/a,n/a,SLASH_slagsMetallurgical,10 02 02_BOF,n/a,n/a,C,e-f/s,0.6000,wt%,3,1,0.6000,0.6000
OBS/BAU/REC/CIR,n/a,n/a,SLASH_slagsMetallurgical,10 02 02_BOF,n/a,n/a,Ca,e-f/s,32.1611,wt%,3,5,28.5876,37.5213
OBS/BAU/REC/CIR,n/a,n/a,SLASH_slagsMetallurgical,10 02 02_BOF,n/a,n/a,Cr,e-f/s,0.1647,wt%,3,4,0.0506,3.4000
OBS/BAU/REC/CIR,n/a,n/a,SLASH_slagsMetallurgical,10 02 02_BOF,n/a,n/a,Cu,e-f/s,0.0008,wt%,2,1,0.0008,0.0008
OBS/BAU/REC/CIR,n/a,n/a,SLASH_slagsMetallurgical,10 02 02_BOF,n/a,n/a,Fe,e-f/s,15.7237,wt%,3,6,2.3000,17.5000
OBS/BAU/REC/CIR,n/a,n/a,SLASH_slagsMetallurgical,10 02 02_BOF,n/a,n/a,K,e-f/s,0.0220,wt%,3,1,0.0220,0.0220
OBS/BAU/REC/CIR,n/a,n/a,SLASH_slagsMetallurgical,10 02 02_BOF,n/a,n/a,Mg,e-f/s,5.7891,wt%,2,5,3.8413,6.3319
OBS/BAU/REC/CIR,n/a,n/a,SLASH_slagsMetallurgical,10 02 02_BOF,n/a,n/a,Mn,e-f/s,2.4008,wt%,2,5,2.0446,5.8084
OBS/BAU/REC/CIR,n/a,n/a,SLASH_slagsMetallurgical,10 02 02_BOF,n/a,n/a,Mo,e-f/s,0.0039,wt%,3,1,0.0039,0.0039
OBS/BAU/REC/CIR,n/a,n/a,SLASH_slagsMetallurgical,10 02 02_BOF,n/a,n/a,Ni,e-f/s,0.0025,wt%,3,1,0.0025,0.0025
OBS/BAU/REC/CIR,n/a,n/a,SLASH_slagsMetallurgical,10 02 02_BOF,n/a,n/a,P,e-f/s,0.6415,wt%,2,5,0.1000,1.5275
OBS/BAU/REC/CIR,n/a,n/a,SLASH_slagsMetallurgical,10 02 02_BOF,n/a,n/a,Si,e-f/s,5.8429,wt%,3,5,5.1000,7.2452
OBS/BAU/REC/CIR,n/a,n/a,SLASH_slagsMetallurgical,10 02 02_BOF,n/a,n/a,Ti,e-f/s,0.8270,wt%,3,3,0.4016,1.4000
OBS/BAU/REC/CIR,n/a,n/a,SLASH_slagsMetallurgical,10 02 02_BOF,n/a,n/a,V,e-f/s,1.4800,wt%,2,3,0.0770,2.7000
OBS/BAU/REC/CIR,n/a,n/a,SLASH_slagsMetallurgical,10 02 02_BOF,n/a,n/a,Zn,e-f/s,0.0037,wt%,3,1,0.0037,0.0037
OBS/BAU/REC/CIR,n/a,n/a,SLASH_slagsMetallurgical,10 02 02_BOF,n/a,n/a,otherOrUndefinedElements,e-f/s,32.7485,wt%,filledDataGap,n/a,n/a,n/a
OBS/BAU/REC/CIR,n/a,n/a,SLASH_slagsMetallurgical,10 02 02_EAF,n/a,n/a,Al,e-f/s,5.0199,wt%,3,10,2.7521,7.4466
OBS/BAU/REC/CIR,n/a,n/a,SLASH_slagsMetallurgical,10 02 02_EAF,n/a,n/a,Ba,e-f/s,0.3224,wt%,3,2,0.2866,0.3583
OBS/BAU/REC/CIR,n/a,n/a,SLASH_slagsMetallurgical,10 02 02_EAF,n/a,n/a,Ca,e-f/s,21.0834,wt%,2,5,17.4385,38.8077
OBS/BAU/REC/CIR,n/a,n/a,SLASH_slagsMetallurgical,10 02 02_EAF,n/a,n/a,Cr,e-f/s,0.7400,wt%,3,10,0.1900,3.2700
OBS/BAU/REC/CIR,n/a,n/a,SLASH_slagsMetallurgical,10 02 02_EAF,n/a,n/a,Cu,e-f/s,0.0140,wt%,2,3,0.0010,0.0160
OBS/BAU/REC/CIR,n/a,n/a,SLASH_slagsMetallurgical,10 02 02_EAF,n/a,n/a,Fe,e-f/s,6.2948,wt%,3,12,0.1000,33.9221
OBS/BAU/REC/CIR,n/a,n/a,SLASH_slagsMetallurgical,10 02 02_EAF,n/a,n/a,K,e-f/s,0.8966,wt%,3,3,0.0590,1.2618
OBS/BAU/REC/CIR,n/a,n/a,SLASH_slagsMetallurgical,10 02 02_EAF,n/a,n/a,Li,e-f/s,0.0372,wt%,2,2,0.0325,0.0418
OBS/BAU/REC/CIR,n/a,n/a,SLASH_slagsMetallurgical,10 02 02_EAF,n/a,n/a,Mg,e-f/s,5.3851,wt%,2,9,1.7548,6.9349
OBS/BAU/REC/CIR,n/a,n/a,SLASH_slagsMetallurgical,10 02 02_EAF,n/a,n/a,Mn,e-f/s,2.1801,wt%,2,10,1.3011,12.0660
OBS/BAU/REC/CIR,n/a,n/a,SLASH_slagsMetallurgical,10 02 02_EAF,n/a,n/a,Mo,e-f/s,0.0154,wt%,3,3,0.0070,0.0500
OBS/BAU/REC/CIR,n/a,n/a,SLASH_slagsMetallurgical,10 02 02_EAF,n/a,n/a,Na,e-f/s,0.0964,wt%,3,3,0.0150,0.1410
OBS/BAU/REC/CIR,n/a,n/a,SLASH_slagsMetallurgical,10 02 02_EAF,n/a,n/a,Ni,e-f/s,0.0743,wt%,3,3,0.0090,0.3180
OBS/BAU/REC/CIR,n/a,n/a,SLASH_slagsMetallurgical,10 02 02_EAF,n/a,n/a,P,e-f/s,0.5193,wt%,2,3,0.2000,0.5412
OBS/BAU/REC/CIR,n/a,n/a,SLASH_slagsMetallurgical,10 02 02_EAF,n/a,n/a,Pb,e-f/s,0.2042,wt%,3,3,0.0023,0.2971
OBS/BAU/REC/CIR,n/a,n/a,SLASH_slagsMetallurgical,10 02 02_EAF,n/a,n/a,S,e-f/s,0.3000,wt%,3,5,0.2000,0.3900
OBS/BAU/REC/CIR,n/a,n/a,SLASH_slagsMetallurgical,10 02 02_EAF,n/a,n/a,Si,e-f/s,7.1751,wt%,3,5,2.6644,21.6422
OBS/BAU/REC/CIR,n/a,n/a,SLASH_slagsMetallurgical,10 02 02_EAF,n/a,n/a,Ti,e-f/s,0.3356,wt%,3,5,0.2400,1.3126
OBS/BAU/REC/CIR,n/a,n/a,SLASH_slagsMetallurgical,10 02 02_EAF,n/a,n/a,V,e-f/s,0.0893,wt%,2,4,0.0310,0.1700
OBS/BAU/REC/CIR,n/a,n/a,SLASH_slagsMetallurgical,10 02 02_EAF,n/a,n/a,Zn,e-f/s,0.0260,wt%,3,3,0.0130,0.0677
OBS/BAU/REC/CIR,n/a,n/a,SLASH_slagsMetallurgical,10 02 02_EAF,n/a,n/a,otherOrUndefinedElements,e-f/s,49.1907,wt%,filledDataGap,n/a,n/a,n/a
OBS/BAU/REC/CIR,n/a,n/a,SLASH_slagsMetallurgical,10 02 02_Ladle,n/a,n/a,Al,e-f/s,6.6156,wt%,3,7,2.2758,12.1198
OBS/BAU/REC/CIR,n/a,n/a,SLASH_slagsMetallurgical,10 02 02_Ladle,n/a,n/a,C,e-f/s,0.0500,wt%,3,3,0.0400,0.1200
OBS/BAU/REC/CIR,n/a,n/a,SLASH_slagsMetallurgical,10 02 02_Ladle,n/a,n/a,Ca,e-f/s,35.2343,wt%,2,7,30.3744,41.0947
OBS/BAU/REC/CIR,n/a,n/a,SLASH_slagsMetallurgical,10 02 02_Ladle,n/a,n/a,Cr,e-f/s,0.0684,wt%,3,7,0.0068,0.3284
OBS/BAU/REC/CIR,n/a,n/a,SLASH_slagsMetallurgical,10 02 02_Ladle,n/a,n/a,Cu,e-f/s,0.0020,wt%,2,1,0.0020,0.0020
OBS/BAU/REC/CIR,n/a,n/a,SLASH_slagsMetallurgical,10 02 02_Ladle,n/a,n/a,Fe,e-f/s,2.3081,wt%,3,9,0.4000,12.4000
OBS/BAU/REC/CIR,n/a,n/a,SLASH_slagsMetallurgical,10 02 02_Ladle,n/a,n/a,K,e-f/s,0.0166,wt%,3,7,0.0080,0.0249
OBS/BAU/REC/CIR,n/a,n/a,SLASH_slagsMetallurgical,10 02 02_Ladle,n/a,n/a,Mg,e-f/s,5.9037,wt%,2,7,2.4121,7.5983
OBS/BAU/REC/CIR,n/a,n/a,SLASH_slagsMetallurgical,10 02 02_Ladle,n/a,n/a,Mn,e-f/s,0.4027,wt%,2,7,0.1549,4.2363
OBS/BAU/REC/CIR,n/a,n/a,SLASH_slagsMetallurgical,10 02 02_Ladle,n/a,n/a,Mo,e-f/s,0.0280,wt%,3,1,0.0280,0.0280
OBS/BAU/REC/CIR,n/a,n/a,SLASH_slagsMetallurgical,10 02 02_Ladle,n/a,n/a,Na,e-f/s,0.0408,wt%,3,3,0.0223,0.0482
OBS/BAU/REC/CIR,n/a,n/a,SLASH_slagsMetallurgical,10 02 02_Ladle,n/a,n/a,Ni,e-f/s,0.0070,wt%,3,1,0.0070,0.0070
OBS/BAU/REC/CIR,n/a,n/a,SLASH_slagsMetallurgical,10 02 02_Ladle,n/a,n/a,P,e-f/s,0.1135,wt%,2,4,0.0044,0.1920
OBS/BAU/REC/CIR,n/a,n/a,SLASH_slagsMetallurgical,10 02 02_Ladle,n/a,n/a,S,e-f/s,0.5700,wt%,3,6,0.1900,1.5000
OBS/BAU/REC/CIR,n/a,n/a,SLASH_slagsMetallurgical,10 02 02_Ladle,n/a,n/a,Si,e-f/s,7.0115,wt%,3,7,5.4690,9.2552
OBS/BAU/REC/CIR,n/a,n/a,SLASH_slagsMetallurgical,10 02 02_Ladle,n/a,n/a,Ti,e-f/s,0.1978,wt%,3,7,0.0840,0.5334
OBS/BAU/REC/CIR,n/a,n/a,SLASH_slagsMetallurgical,10 02 02_Ladle,n/a,n/a,V,e-f/s,0.1568,wt%,2,2,0.0280,0.2857
OBS/BAU/REC/CIR,n/a,n/a,SLASH_slagsMetallurgical,10 02 02_Ladle,n/a,n/a,Zn,e-f/s,0.0370,wt%,3,1,0.0370,0.0370
OBS/BAU/REC/CIR,n/a,n/a,SLASH_slagsMetallurgical,10 02 02_Ladle,n/a,n/a,otherOrUndefinedElements,e-f/s,41.2361,wt%,filledDataGap,n/a,n/a,n/a
OBS/BAU/REC/CIR,n/a,n/a,SLASH_slagsMetallurgical,10 04 01*,n/a,n/a,Ag,e-f/s,0.0029,wt%,2,2,0.0001,0.0058
OBS/BAU/REC/CIR,n/a,n/a,SLASH_slagsMetallurgical,10 04 01*,n/a,n/a,Al,e-f/s,1.5291,wt%,2,6,0.9159,6.0970
OBS/BAU/REC/CIR,n/a,n/a,SLASH_slagsMetallurgical,10 04 01*,n/a,n/a,As,e-f/s,0.0257,wt%,2,5,0.0006,0.1515
OBS/BAU/REC/CIR,n/a,n/a,SLASH_slagsMetallurgical,10 04 01*,n/a,n/a,Ba,e-f/s,0.5143,wt%,2,4,0.1512,0.5530
OBS/BAU/REC/CIR,n/a,n/a,SLASH_slagsMetallurgical,10 04 01*,n/a,n/a,Bi,e-f/s,0.0000,wt%,2,1,0.0000,0.0000
OBS/BAU/REC/CIR,n/a,n/a,SLASH_slagsMetallurgical,10 04 01*,n/a,n/a,Ca,e-f/s,13.5287,wt%,2,6,2.1786,15.5803
OBS/BAU/REC/CIR,n/a,n/a,SLASH_slagsMetallurgical,10 04 01*,n/a,n/a,Cd,e-f/s,0.0010,wt%,2,1,0.0010,0.0010
OBS/BAU/REC/CIR,n/a,n/a,SLASH_slagsMetallurgical,10 04 01*,n/a,n/a,Cl,e-f/s,0.4298,wt%,2,2,0.0085,0.8510
OBS/BAU/REC/CIR,n/a,n/a,SLASH_slagsMetallurgical,10 04 01*,n/a,n/a,Co,e-f/s,0.0082,wt%,2,2,0.0007,0.0157
OBS/BAU/REC/CIR,n/a,n/a,SLASH_slagsMetallurgical,10 04 01*,n/a,n/a,Cr,e-f/s,0.0550,wt%,2,5,0.0020,0.4432
OBS/BAU/REC/CIR,n/a,n/a,SLASH_slagsMetallurgical,10 04 01*,n/a,n/a,Cu,e-f/s,0.2040,wt%,2,6,0.0027,1.3099
OBS/BAU/REC/CIR,n/a,n/a,SLASH_slagsMetallurgical,10 04 01*,n/a,n/a,Fe,e-f/s,24.8142,wt%,2,7,22.0990,50.5248
OBS/BAU/REC/CIR,n/a,n/a,SLASH_slagsMetallurgical,10 04 01*,n/a,n/a,K,e-f/s,0.3237,wt%,2,4,0.0913,0.7554
OBS/BAU/REC/CIR,n/a,n/a,SLASH_slagsMetallurgical,10 04 01*,n/a,n/a,Mg,e-f/s,1.0372,wt%,2,5,0.0900,1.7367
OBS/BAU/REC/CIR,n/a,n/a,SLASH_slagsMetallurgical,10 04 01*,n/a,n/a,Mn,e-f/s,0.5400,wt%,2,5,0.0774,2.3931
OBS/BAU/REC/CIR,n/a,n/a,SLASH_slagsMetallurgical,10 04 01*,n/a,n/a,Mo,e-f/s,0.0180,wt%,2,1,0.0180,0.0180
OBS/BAU/REC/CIR,n/a,n/a,SLASH_slagsMetallurgical,10 04 01*,n/a,n/a,Na,e-f/s,0.2374,wt%,2,5,0.0223,9.6600
OBS/BAU/REC/CIR,n/a,n/a,SLASH_slagsMetallurgical,10 04 01*,n/a,n/a,Ni,e-f/s,0.0034,wt%,2,5,0.0028,0.0400
OBS/BAU/REC/CIR,n/a,n/a,SLASH_slagsMetallurgical,10 04 01*,n/a,n/a,P,e-f/s,0.1309,wt%,2,3,0.0960,0.6197
OBS/BAU/REC/CIR,n/a,n/a,SLASH_slagsMetallurgical,10 04 01*,n/a,n/a,Pb,e-f/s,3.0700,wt%,2,7,0.7891,11.3997
OBS/BAU/REC/CIR,n/a,n/a,SLASH_slagsMetallurgical,10 04 01*,n/a,n/a,Rb,e-f/s,0.0038,wt%,2,1,0.0038,0.0038
OBS/BAU/REC/CIR,n/a,n/a,SLASH_slagsMetallurgical,10 04 01*,n/a,n/a,S,e-f/s,1.1900,wt%,2,5,0.3600,6.6000
OBS/BAU/REC/CIR,n/a,n/a,SLASH_slagsMetallurgical,10 04 01*,n/a,n/a,Sb,e-f/s,0.1398,wt%,2,4,0.0147,0.3835
OBS/BAU/REC/CIR,n/a,n/a,SLASH_slagsMetallurgical,10 04 01*,n/a,n/a,Si,e-f/s,10.0800,wt%,2,7,6.1234,14.6494
OBS/BAU/REC/CIR,n/a,n/a,SLASH_slagsMetallurgical,10 04 01*,n/a,n/a,Sn,e-f/s,0.0654,wt%,2,4,0.0002,0.1700
OBS/BAU/REC/CIR,n/a,n/a,SLASH_slagsMetallurgical,10 04 01*,n/a,n/a,Sr,e-f/s,0.0152,wt%,2,3,0.0131,0.0374
OBS/BAU/REC/CIR,n/a,n/a,SLASH_slagsMetallurgical,10 04 01*,n/a,n/a,Ti,e-f/s,0.1738,wt%,2,3,0.1558,0.2877
OBS/BAU/REC/CIR,n/a,n/a,SLASH_slagsMetallurgical,10 04 01*,n/a,n/a,V,e-f/s,0.0048,wt%,2,1,0.0048,0.0048
OBS/BAU/REC/CIR,n/a,n/a,SLASH_slagsMetallurgical,10 04 01*,n/a,n/a,W,e-f/s,0.0100,wt%,2,1,0.0100,0.0100
OBS/BAU/REC/CIR,n/a,n/a,SLASH_slagsMetallurgical,10 04 01*,n/a,n/a,Zn,e-f/s,4.9653,wt%,2,7,0.2089,11.2000
OBS/BAU/REC/CIR,n/a,n/a,SLASH_slagsMetallurgical,10 04 01*,n/a,n/a,Zr,e-f/s,0.0043,wt%,2,1,0.0043,0.0043
OBS/BAU/REC/CIR,n/a,n/a,SLASH_slagsMetallurgical,10 04 01*,n/a,n/a,otherOrUndefinedElements,e-f/s,36.8743,wt%,filledDataGap,n/a,n/a,n/a
OBS/BAU/REC/CIR,n/a,n/a,SLASH_slagsMetallurgical,10 05 01,n/a,n/a,Ag,e-f/s,0.0045,wt%,2,8,0.0003,0.0360
OBS/BAU/REC/CIR,n/a,n/a,SLASH_slagsMetallurgical,10 05 01,n/a,n/a,Al,e-f/s,4.0488,wt%,2,22,0.6200,8.9443
OBS/BAU/REC/CIR,n/a,n/a,SLASH_slagsMetallurgical,10 05 01,n/a,n/a,As,e-f/s,0.1928,wt%,2,17,0.0029,1.5800
OBS/BAU/REC/CIR,n/a,n/a,SLASH_slagsMetallurgical,10 05 01,n/a,n/a,Ba,e-f/s,0.0852,wt%,2,13,0.0227,0.6359
OBS/BAU/REC/CIR,n/a,n/a,SLASH_slagsMetallurgical,10 05 01,n/a,n/a,Bi,e-f/s,0.0086,wt%,2,1,0.0086,0.0086
OBS/BAU/REC/CIR,n/a,n/a,SLASH_slagsMetallurgical,10 05 01,n/a,n/a,Ca,e-f/s,6.3465,wt%,2,24,1.2078,21.6122
OBS/BAU/REC/CIR,n/a,n/a,SLASH_slagsMetallurgical,10 05 01,n/a,n/a,Cd,e-f/s,0.0118,wt%,2,12,0.0001,0.3500
OBS/BAU/REC/CIR,n/a,n/a,SLASH_slagsMetallurgical,10 05 01,n/a,n/a,Co,e-f/s,0.0300,wt%,2,7,0.0039,0.0450
OBS/BAU/REC/CIR,n/a,n/a,SLASH_slagsMetallurgical,10 05 01,n/a,n/a,Cr,e-f/s,0.0515,wt%,2,8,0.0024,0.1300
OBS/BAU/REC/CIR,n/a,n/a,SLASH_slagsMetallurgical,10 05 01,n/a,n/a,Cu,e-f/s,0.3352,wt%,2,14,0.0031,16.5205
OBS/BAU/REC/CIR,n/a,n/a,SLASH_slagsMetallurgical,10 05 01,n/a,n/a,Fe,e-f/s,15.3471,wt%,2,24,3.2034,27.4100
OBS/BAU/REC/CIR,n/a,n/a,SLASH_slagsMetallurgical,10 05 01,n/a,n/a,In,e-f/s,0.0445,wt%,2,4,0.0310,0.0480
OBS/BAU/REC/CIR,n/a,n/a,SLASH_slagsMetallurgical,10 05 01,n/a,n/a,K,e-f/s,0.5301,wt%,2,19,0.0415,2.0837
OBS/BAU/REC/CIR,n/a,n/a,SLASH_slagsMetallurgical,10 05 01,n/a,n/a,Mg,e-f/s,0.8322,wt%,2,20,0.2171,6.5490
OBS/BAU/REC/CIR,n/a,n/a,SLASH_slagsMetallurgical,10 05 01,n/a,n/a,Mn,e-f/s,0.4376,wt%,2,18,0.0835,1.9361
OBS/BAU/REC/CIR,n/a,n/a,SLASH_slagsMetallurgical,10 05 01,n/a,n/a,Na,e-f/s,0.2003,wt%,2,13,0.0037,3.1306
OBS/BAU/REC/CIR,n/a,n/a,SLASH_slagsMetallurgical,10 05 01,n/a,n/a,Ni,e-f/s,0.0115,wt%,2,12,0.0026,1.6500
OBS/BAU/REC/CIR,n/a,n/a,SLASH_slagsMetallurgical,10 05 01,n/a,n/a,P,e-f/s,0.0667,wt%,2,16,0.0262,0.4424
OBS/BAU/REC/CIR,n/a,n/a,SLASH_slagsMetallurgical,10 05 01,n/a,n/a,Pb,e-f/s,1.2700,wt%,2,21,0.0034,20.1631
OBS/BAU/REC/CIR,n/a,n/a,SLASH_slagsMetallurgical,10 05 01,n/a,n/a,Rb,e-f/s,0.0053,wt%,2,3,0.0027,0.0060
OBS/BAU/REC/CIR,n/a,n/a,SLASH_slagsMetallurgical,10 05 01,n/a,n/a,S,e-f/s,1.7700,wt%,2,13,0.1762,7.3892
OBS/BAU/REC/CIR,n/a,n/a,SLASH_slagsMetallurgical,10 05 01,n/a,n/a,Sb,e-f/s,0.0009,wt%,2,7,0.0002,0.4400
OBS/BAU/REC/CIR,n/a,n/a,SLASH_slagsMetallurgical,10 05 01,n/a,n/a,Sc,e-f/s,0.0019,wt%,2,2,0.0018,0.0019
OBS/BAU/REC/CIR,n/a,n/a,SLASH_slagsMetallurgical,10 05 01,n/a,n/a,Se,e-f/s,0.0280,wt%,2,4,0.0270,0.0340
OBS/BAU/REC/CIR,n/a,n/a,SLASH_slagsMetallurgical,10 05 01,n/a,n/a,Si,e-f/s,9.2500,wt%,2,21,0.9302,33.1972
OBS/BAU/REC/CIR,n/a,n/a,SLASH_slagsMetallurgical,10 05 01,n/a,n/a,Sn,e-f/s,0.0003,wt%,2,4,0.0001,0.0260
OBS/BAU/REC/CIR,n/a,n/a,SLASH_slagsMetallurgical,10 05 01,n/a,n/a,Sr,e-f/s,0.0257,wt%,2,6,0.0085,0.0590
OBS/BAU/REC/CIR,n/a,n/a,SLASH_slagsMetallurgical,10 05 01,n/a,n/a,Ti,e-f/s,0.2218,wt%,2,17,0.0539,1.1807
OBS/BAU/REC/CIR,n/a,n/a,SLASH_slagsMetallurgical,10 05 01,n/a,n/a,Tl,e-f/s,0.0086,wt%,2,1,0.0086,0.0086
OBS/BAU/REC/CIR,n/a,n/a,SLASH_slagsMetallurgical,10 05 01,n/a,n/a,V,e-f/s,0.0071,wt%,2,3,0.0050,0.0141
OBS/BAU/REC/CIR,n/a,n/a,SLASH_slagsMetallurgical,10 05 01,n/a,n/a,Zn,e-f/s,2.7700,wt%,2,24,0.0000,11.4200
OBS/BAU/REC/CIR,n/a,n/a,SLASH_slagsMetallurgical,10 05 01,n/a,n/a,Zr,e-f/s,0.0109,wt%,2,3,0.0041,0.0156
OBS/BAU/REC/CIR,n/a,n/a,SLASH_slagsMetallurgical,10 05 01,n/a,n/a,otherOrUndefinedElements,e-f/s,56.0448,wt%,filledDataGap,n/a,n/a,n/a
OBS/BAU/REC/CIR,n/a,n/a,SLASH_slagsMetallurgical,10 06 01,n/a,n/a,Ag,e-f/s,0.0005,wt%,2,7,0.0002,0.0022
OBS/BAU/REC/CIR,n/a,n/a,SLASH_slagsMetallurgical,10 06 01,n/a,n/a,Al,e-f/s,3.9482,wt%,2,12,3.8400,13.0600
OBS/BAU/REC/CIR,n/a,n/a,SLASH_slagsMetallurgical,10 06 01,n/a,n/a,As,e-f/s,0.0170,wt%,2,17,0.0015,0.1600
OBS/BAU/REC/CIR,n/a,n/a,SLASH_slagsMetallurgical,10 06 01,n/a,n/a,Au,e-f/s,0.0001,wt%,2,2,0.0000,0.0002
OBS/BAU/REC/CIR,n/a,n/a,SLASH_slagsMetallurgical,10 06 01,n/a,n/a,Bi,e-f/s,0.0000,wt%,2,7,0.0000,0.0002
OBS/BAU/REC/CIR,n/a,n/a,SLASH_slagsMetallurgical,10 06 01,n/a,n/a,Ca,e-f/s,0.8040,wt%,3,12,0.5900,20.9300
OBS/BAU/REC/CIR,n/a,n/a,SLASH_slagsMetallurgical,10 06 01,n/a,n/a,Cd,e-f/s,0.0001,wt%,2,7,0.0001,0.0005
OBS/BAU/REC/CIR,n/a,n/a,SLASH_slagsMetallurgical,10 06 01,n/a,n/a,Ce,e-f/s,0.0120,wt%,2,2,0.0110,0.0129
OBS/BAU/REC/CIR,n/a,n/a,SLASH_slagsMetallurgical,10 06 01,n/a,n/a,Co,e-f/s,0.0515,wt%,2,8,0.0346,0.1446
OBS/BAU/REC/CIR,n/a,n/a,SLASH_slagsMetallurgical,10 06 01,n/a,n/a,Cu,e-f/s,0.5657,wt%,2,17,0.2687,1.3400
OBS/BAU/REC/CIR,n/a,n/a,SLASH_slagsMetallurgical,10 06 01,n/a,n/a,Dy,e-f/s,0.0006,wt%,2,2,0.0006,0.0007
OBS/BAU/REC/CIR,n/a,n/a,SLASH_slagsMetallurgical,10 06 01,n/a,n/a,Er,e-f/s,0.0003,wt%,2,2,0.0003,0.0004
OBS/BAU/REC/CIR,n/a,n/a,SLASH_slagsMetallurgical,10 06 01,n/a,n/a,Eu,e-f/s,0.0002,wt%,2,2,0.0002,0.0003
OBS/BAU/REC/CIR,n/a,n/a,SLASH_slagsMetallurgical,10 06 01,n/a,n/a,Fe,e-f/s,34.4467,wt%,3,13,6.2000,56.8200
OBS/BAU/REC/CIR,n/a,n/a,SLASH_slagsMetallurgical,10 06 01,n/a,n/a,Gd,e-f/s,0.0008,wt%,2,2,0.0007,0.0009
OBS/BAU/REC/CIR,n/a,n/a,SLASH_slagsMetallurgical,10 06 01,n/a,n/a,Hg,e-f/s,0.0000,wt%,3,5,0.0000,0.0000
OBS/BAU/REC/CIR,n/a,n/a,SLASH_slagsMetallurgical,10 06 01,n/a,n/a,Ho,e-f/s,0.0001,wt%,2,2,0.0001,0.0001
OBS/BAU/REC/CIR,n/a,n/a,SLASH_slagsMetallurgical,10 06 01,n/a,n/a,K,e-f/s,1.4362,wt%,3,12,1.2500,4.3700
OBS/BAU/REC/CIR,n/a,n/a,SLASH_slagsMetallurgical,10 06 01,n/a,n/a,La,e-f/s,0.0069,wt%,2,2,0.0061,0.0078
OBS/BAU/REC/CIR,n/a,n/a,SLASH_slagsMetallurgical,10 06 01,n/a,n/a,Lu,e-f/s,0.0000,wt%,2,2,0.0000,0.0000
OBS/BAU/REC/CIR,n/a,n/a,SLASH_slagsMetallurgical,10 06 01,n/a,n/a,Mg,e-f/s,1.5287,wt%,2,12,0.5300,6.3100
OBS/BAU/REC/CIR,n/a,n/a,SLASH_slagsMetallurgical,10 06 01,n/a,n/a,Mn,e-f/s,0.1278,wt%,2,12,0.0600,0.2600
OBS/BAU/REC/CIR,n/a,n/a,SLASH_slagsMetallurgical,10 06 01,n/a,n/a,Mo,e-f/s,0.0303,wt%,2,7,0.0011,0.0773
OBS/BAU/REC/CIR,n/a,n/a,SLASH_slagsMetallurgical,10 06 01,n/a,n/a,Na,e-f/s,0.2448,wt%,3,12,0.1500,2.0500
OBS/BAU/REC/CIR,n/a,n/a,SLASH_slagsMetallurgical,10 06 01,n/a,n/a,Nd,e-f/s,0.0045,wt%,2,2,0.0041,0.0050
OBS/BAU/REC/CIR,n/a,n/a,SLASH_slagsMetallurgical,10 06 01,n/a,n/a,Ni,e-f/s,0.0100,wt%,2,8,0.0004,0.0500
OBS/BAU/REC/CIR,n/a,n/a,SLASH_slagsMetallurgical,10 06 01,n/a,n/a,P,e-f/s,0.0524,wt%,2,9,0.0700,0.1600
OBS/BAU/REC/CIR,n/a,n/a,SLASH_slagsMetallurgical,10 06 01,n/a,n/a,Pb,e-f/s,0.0276,wt%,3,17,0.0022,2.1135
OBS/BAU/REC/CIR,n/a,n/a,SLASH_slagsMetallurgical,10 06 01,n/a,n/a,Pr,e-f/s,0.0013,wt%,2,2,0.0012,0.0014
OBS/BAU/REC/CIR,n/a,n/a,SLASH_slagsMetallurgical,10 06 01,n/a,n/a,Rb,e-f/s,0.0144,wt%,2,2,0.0140,0.0148
OBS/BAU/REC/CIR,n/a,n/a,SLASH_slagsMetallurgical,10 06 01,n/a,n/a,S,e-f/s,0.1550,wt%,3,4,0.0200,0.6700
OBS/BAU/REC/CIR,n/a,n/a,SLASH_slagsMetallurgical,10 06 01,n/a,n/a,Sb,e-f/s,0.0009,wt%,2,8,0.0000,0.0400
OBS/BAU/REC/CIR,n/a,n/a,SLASH_slagsMetallurgical,10 06 01,n/a,n/a,Se,e-f/s,0.0004,wt%,3,5,0.0001,0.0004
OBS/BAU/REC/CIR,n/a,n/a,SLASH_slagsMetallurgical,10 06 01,n/a,n/a,Si,e-f/s,17.9402,wt%,2,13,29.6000,70.7200
OBS/BAU/REC/CIR,n/a,n/a,SLASH_slagsMetallurgical,10 06 01,n/a,n/a,Sm,e-f/s,0.0009,wt%,2,2,0.0008,0.0010
OBS/BAU/REC/CIR,n/a,n/a,SLASH_slagsMetallurgical,10 06 01,n/a,n/a,Sn,e-f/s,0.0022,wt%,2,7,0.0007,0.0094
OBS/BAU/REC/CIR,n/a,n/a,SLASH_slagsMetallurgical,10 06 01,n/a,n/a,Sr,e-f/s,0.0424,wt%,2,2,0.0361,0.0487
OBS/BAU/REC/CIR,n/a,n/a,SLASH_slagsMetallurgical,10 06 01,n/a,n/a,Tb,e-f/s,0.0001,wt%,2,2,0.0001,0.0001
OBS/BAU/REC/CIR,n/a,n/a,SLASH_slagsMetallurgical,10 06 01,n/a,n/a,Ti,e-f/s,0.2727,wt%,2,12,0.2600,0.7000
OBS/BAU/REC/CIR,n/a,n/a,SLASH_slagsMetallurgical,10 06 01,n/a,n/a,Tl,e-f/s,0.0000,wt%,3,5,0.0000,0.0004
OBS/BAU/REC/CIR,n/a,n/a,SLASH_slagsMetallurgical,10 06 01,n/a,n/a,Tm,e-f/s,0.0000,wt%,2,2,0.0000,0.0001
OBS/BAU/REC/CIR,n/a,n/a,SLASH_slagsMetallurgical,10 06 01,n/a,n/a,V,e-f/s,0.1198,wt%,2,2,0.1168,0.1228
OBS/BAU/REC/CIR,n/a,n/a,SLASH_slagsMetallurgical,10 06 01,n/a,n/a,W,e-f/s,0.0012,wt%,2,2,0.0004,0.0020
OBS/BAU/REC/CIR,n/a,n/a,SLASH_slagsMetallurgical,10 06 01,n/a,n/a,Y,e-f/s,0.0034,wt%,2,2,0.0030,0.0038
OBS/BAU/REC/CIR,n/a,n/a,SLASH_slagsMetallurgical,10 06 01,n/a,n/a,Yb,e-f/s,0.0003,wt%,2,2,0.0002,0.0003
OBS/BAU/REC/CIR,n/a,n/a,SLASH_slagsMetallurgical,10 06 01,n/a,n/a,Zn,e-f/s,0.4207,wt%,3,17,0.1294,2.7900
OBS/BAU/REC/CIR,n/a,n/a,SLASH_slagsMetallurgical,10 06 01,n/a,n/a,otherOrUndefinedElements,e-f/s,37.7071,wt%,filledDataGap,n/a,n/a,n/a
OBS/BAU/REC/CIR,n/a,n/a,SLASH_sludgesMetallurgical,11 02 02*,n/a,n/a,Ag,e-f/s,0.0180,wt%,2,3,0.0020,0.0180
OBS/BAU/REC/CIR,n/a,n/a,SLASH_sludgesMetallurgical,11 02 02*,n/a,n/a,Al,e-f/s,0.9421,wt%,2,19,0.1482,9.8176
OBS/BAU/REC/CIR,n/a,n/a,SLASH_sludgesMetallurgical,11 02 02*,n/a,n/a,As,e-f/s,0.1980,wt%,2,10,0.0579,0.8180
OBS/BAU/REC/CIR,n/a,n/a,SLASH_sludgesMetallurgical,11 02 02*,n/a,n/a,Ba,e-f/s,0.6986,wt%,2,3,0.0590,0.6986
OBS/BAU/REC/CIR,n/a,n/a,SLASH_sludgesMetallurgical,11 02 02*,n/a,n/a,Ca,e-f/s,1.4866,wt%,2,16,0.0572,6.1821
OBS/BAU/REC/CIR,n/a,n/a,SLASH_sludgesMetallurgical,11 02 02*,n/a,n/a,Cd,e-f/s,0.0700,wt%,2,10,0.0433,0.0967
OBS/BAU/REC/CIR,n/a,n/a,SLASH_sludgesMetallurgical,11 02 02*,n/a,n/a,Cl,e-f/s,0.0750,wt%,2,2,0.0500,0.1000
OBS/BAU/REC/CIR,n/a,n/a,SLASH_sludgesMetallurgical,11 02 02*,n/a,n/a,Co,e-f/s,0.0393,wt%,2,3,0.0393,0.0393
OBS/BAU/REC/CIR,n/a,n/a,SLASH_sludgesMetallurgical,11 02 02*,n/a,n/a,Cr,e-f/s,0.9305,wt%,2,3,0.9305,0.9305
OBS/BAU/REC/CIR,n/a,n/a,SLASH_sludgesMetallurgical,11 02 02*,n/a,n/a,Cu,e-f/s,0.2758,wt%,2,6,0.0719,0.3994
OBS/BAU/REC/CIR,n/a,n/a,SLASH_sludgesMetallurgical,11 02 02*,n/a,n/a,F,e-f/s,0.0100,wt%,2,2,0.0100,0.0100
OBS/BAU/REC/CIR,n/a,n/a,SLASH_sludgesMetallurgical,11 02 02*,n/a,n/a,Fe,e-f/s,23.3049,wt%,2,21,8.6939,54.1355
OBS/BAU/REC/CIR,n/a,n/a,SLASH_sludgesMetallurgical,11 02 02*,n/a,n/a,In,e-f/s,0.0230,wt%,2,2,0.0230,0.0230
OBS/BAU/REC/CIR,n/a,n/a,SLASH_sludgesMetallurgical,11 02 02*,n/a,n/a,K,e-f/s,0.2989,wt%,2,12,0.1411,5.2200
OBS/BAU/REC/CIR,n/a,n/a,SLASH_sludgesMetallurgical,11 02 02*,n/a,n/a,Mg,e-f/s,0.2774,wt%,2,14,0.1025,1.8151
OBS/BAU/REC/CIR,n/a,n/a,SLASH_sludgesMetallurgical,11 02 02*,n/a,n/a,Mn,e-f/s,0.0929,wt%,2,5,0.0310,0.3795
OBS/BAU/REC/CIR,n/a,n/a,SLASH_sludgesMetallurgical,11 02 02*,n/a,n/a,Mo,e-f/s,0.0006,wt%,2,1,0.0006,0.0006
OBS/BAU/REC/CIR,n/a,n/a,SLASH_sludgesMetallurgical,11 02 02*,n/a,n/a,Na,e-f/s,1.4466,wt%,2,13,0.1113,4.0060
OBS/BAU/REC/CIR,n/a,n/a,SLASH_sludgesMetallurgical,11 02 02*,n/a,n/a,Ni,e-f/s,0.7465,wt%,2,3,0.2357,0.7465
OBS/BAU/REC/CIR,n/a,n/a,SLASH_sludgesMetallurgical,11 02 02*,n/a,n/a,P,e-f/s,0.0262,wt%,2,3,0.0262,0.0330
OBS/BAU/REC/CIR,n/a,n/a,SLASH_sludgesMetallurgical,11 02 02*,n/a,n/a,Pb,e-f/s,4.1032,wt%,2,16,2.4972,6.8417
OBS/BAU/REC/CIR,n/a,n/a,SLASH_sludgesMetallurgical,11 02 02*,n/a,n/a,S,e-f/s,8.8600,wt%,2,16,3.3642,16.0279
OBS/BAU/REC/CIR,n/a,n/a,SLASH_sludgesMetallurgical,11 02 02*,n/a,n/a,Sb,e-f/s,0.0602,wt%,2,3,0.0450,0.0602
OBS/BAU/REC/CIR,n/a,n/a,SLASH_sludgesMetallurgical,11 02 02*,n/a,n/a,Si,e-f/s,3.0103,wt%,2,19,0.0701,9.4749
OBS/BAU/REC/CIR,n/a,n/a,SLASH_sludgesMetallurgical,11 02 02*,n/a,n/a,Sn,e-f/s,0.0617,wt%,2,1,0.0617,0.0617
OBS/BAU/REC/CIR,n/a,n/a,SLASH_sludgesMetallurgical,11 02 02*,n/a,n/a,Ti,e-f/s,0.0719,wt%,2,7,0.0540,0.1438
OBS/BAU/REC/CIR,n/a,n/a,SLASH_sludgesMetallurgical,11 02 02*,n/a,n/a,Zn,e-f/s,5.8489,wt%,2,18,1.9282,14.1402
OBS/BAU/REC/CIR,n/a,n/a,SLASH_sludgesMetallurgical,11 02 02*,n/a,n/a,otherOrUndefinedElements,e-f/s,47.0231,wt%,filledDataGap,n/a,n/a,n/a
OBS/BAU/REC/CIR,n/a,n/a,SLASH_bottomAshesWasteInc,19 01 11*,n/a,n/a,otherOrUndefinedElements,e-f/s,46.2630,wt%,filledDataGap,n/a,n/a,n/a
OBS/BAU/REC/CIR,n/a,n/a,SLASH_bottomAshesWasteInc,19 01 11*,n/a,n/a,S,e-f/s,0.4856,wt%,2,15,0.3170,1.7740
OBS/BAU/REC/CIR,n/a,n/a,SLASH_bottomAshesWasteInc,19 01 11*,n/a,n/a,Cl,e-f/s,1.2889,wt%,2,10,0.5430,1.1600
OBS/BAU/REC/CIR,n/a,n/a,SLASH_bottomAshesWasteInc,19 01 11*,n/a,n/a,Zn,e-f/s,0.4674,wt%,2,15,0.1380,0.8740
OBS/BAU/REC/CIR,n/a,n/a,SLASH_bottomAshesWasteInc,19 01 11*,n/a,n/a,Cu,e-f/s,0.4850,wt%,2,15,0.1104,0.3400
OBS/BAU/REC/CIR,n/a,n/a,SLASH_bottomAshesWasteInc,19 01 11*,n/a,n/a,Ba,e-f/s,0.1902,wt%,2,14,0.0907,0.1879
OBS/BAU/REC/CIR,n/a,n/a,SLASH_bottomAshesWasteInc,19 01 11*,n/a,n/a,Pb,e-f/s,0.1881,wt%,2,15,0.0312,0.1600
OBS/BAU/REC/CIR,n/a,n/a,SLASH_bottomAshesWasteInc,19 01 11*,n/a,n/a,Cr,e-f/s,0.0646,wt%,2,15,0.0434,0.0880
OBS/BAU/REC/CIR,n/a,n/a,SLASH_bottomAshesWasteInc,19 01 11*,n/a,n/a,Sr,e-f/s,0.0451,wt%,2,11,0.0378,0.0681
OBS/BAU/REC/CIR,n/a,n/a,SLASH_bottomAshesWasteInc,19 01 11*,n/a,n/a,B,e-f/s,0.0200,wt%,2,1,0.0200,0.0200
OBS/BAU/REC/CIR,n/a,n/a,SLASH_bottomAshesWasteInc,19 01 11*,n/a,n/a,Zr,e-f/s,0.0228,wt%,2,10,0.0143,0.0256
OBS/BAU/REC/CIR,n/a,n/a,SLASH_bottomAshesWasteInc,19 01 11*,n/a,n/a,Ni,e-f/s,0.0500,wt%,2,15,0.0102,0.0346
OBS/BAU/REC/CIR,n/a,n/a,SLASH_bottomAshesWasteInc,19 01 11*,n/a,n/a,Sb,e-f/s,0.0100,wt%,2,2,0.0080,0.0141
OBS/BAU/REC/CIR,n/a,n/a,SLASH_bottomAshesWasteInc,19 01 11*,n/a,n/a,V,e-f/s,0.0058,wt%,2,14,0.0048,0.0090
OBS/BAU/REC/CIR,n/a,n/a,SLASH_bottomAshesWasteInc,19 01 11*,n/a,n/a,Sn,e-f/s,0.0137,wt%,2,15,0.0017,0.0498
OBS/BAU/REC/CIR,n/a,n/a,SLASH_bottomAshesWasteInc,19 01 11*,n/a,n/a,As,e-f/s,0.0034,wt%,2,14,0.0026,0.0074
OBS/BAU/REC/CIR,n/a,n/a,SLASH_bottomAshesWasteInc,19 01 11*,n/a,n/a,Ce,e-f/s,0.0038,wt%,2,10,0.0029,0.0051
OBS/BAU/REC/CIR,n/a,n/a,SLASH_bottomAshesWasteInc,19 01 11*,n/a,n/a,Co,e-f/s,0.0056,wt%,2,15,0.0025,0.0119
OBS/BAU/REC/CIR,n/a,n/a,SLASH_bottomAshesWasteInc,19 01 11*,n/a,n/a,Rb,e-f/s,0.0031,wt%,2,10,0.0024,0.0034
OBS/BAU/REC/CIR,n/a,n/a,SLASH_bottomAshesWasteInc,19 01 11*,n/a,n/a,Si,e-f/s,17.2059,wt%,2,5,0.0020,16.0000
OBS/BAU/REC/CIR,n/a,n/a,SLASH_bottomAshesWasteInc,19 01 11*,n/a,n/a,Nd,e-f/s,0.0018,wt%,2,10,0.0002,0.0022
OBS/BAU/REC/CIR,n/a,n/a,SLASH_bottomAshesWasteInc,19 01 11*,n/a,n/a,La,e-f/s,0.0019,wt%,2,10,0.0006,0.0035
OBS/BAU/REC/CIR,n/a,n/a,SLASH_bottomAshesWasteInc,19 01 11*,n/a,n/a,Y,e-f/s,0.0036,wt%,2,11,0.0011,0.0022
OBS/BAU/REC/CIR,n/a,n/a,SLASH_bottomAshesWasteInc,19 01 11*,n/a,n/a,Mo,e-f/s,0.0037,wt%,2,14,0.0010,0.0027
OBS/BAU/REC/CIR,n/a,n/a,SLASH_bottomAshesWasteInc,19 01 11*,n/a,n/a,Ga,e-f/s,0.0013,wt%,2,10,0.0012,0.0014
OBS/BAU/REC/CIR,n/a,n/a,SLASH_bottomAshesWasteInc,19 01 11*,n/a,n/a,Sc,e-f/s,0.0010,wt%,2,10,0.0003,0.0018
OBS/BAU/REC/CIR,n/a,n/a,SLASH_bottomAshesWasteInc,19 01 11*,n/a,n/a,Ca,e-f/s,13.8138,wt%,2,5,0.0008,20.1000
OBS/BAU/REC/CIR,n/a,n/a,SLASH_bottomAshesWasteInc,19 01 11*,n/a,n/a,Nb,e-f/s,0.0009,wt%,2,10,0.0010,0.0012
OBS/BAU/REC/CIR,n/a,n/a,SLASH_bottomAshesWasteInc,19 01 11*,n/a,n/a,Fe,e-f/s,7.4504,wt%,2,5,0.0009,6.1000
OBS/BAU/REC/CIR,n/a,n/a,SLASH_bottomAshesWasteInc,19 01 11*,n/a,n/a,Th,e-f/s,0.0004,wt%,2,10,0.0005,0.0013
OBS/BAU/REC/CIR,n/a,n/a,SLASH_bottomAshesWasteInc,19 01 11*,n/a,n/a,Al,e-f/s,5.0159,wt%,2,5,0.0004,5.9000
OBS/BAU/REC/CIR,n/a,n/a,SLASH_bottomAshesWasteInc,19 01 11*,n/a,n/a,Gd,e-f/s,0.0003,wt%,2,1,0.0004,0.0004
OBS/BAU/REC/CIR,n/a,n/a,SLASH_bottomAshesWasteInc,19 01 11*,n/a,n/a,Cd,e-f/s,0.0017,wt%,2,5,0.0001,0.0004
OBS/BAU/REC/CIR,n/a,n/a,SLASH_bottomAshesWasteInc,19 01 11*,n/a,n/a,Hf,e-f/s,0.0004,wt%,2,10,0.0003,0.0007
OBS/BAU/REC/CIR,n/a,n/a,SLASH_bottomAshesWasteInc,19 01 11*,n/a,n/a,U,e-f/s,0.0001,wt%,2,10,0.0003,0.0003
OBS/BAU/REC/CIR,n/a,n/a,SLASH_bottomAshesWasteInc,19 01 11*,n/a,n/a,Na,e-f/s,2.8659,wt%,2,5,0.0003,2.5000
OBS/BAU/REC/CIR,n/a,n/a,SLASH_bottomAshesWasteInc,19 01 11*,n/a,n/a,Au,e-f/s,0.0001,wt%,2,1,0.0003,0.0003
OBS/BAU/REC/CIR,n/a,n/a,SLASH_bottomAshesWasteInc,19 01 11*,n/a,n/a,Be,e-f/s,0.0002,wt%,2,4,0.0001,0.0001
OBS/BAU/REC/CIR,n/a,n/a,SLASH_bottomAshesWasteInc,19 01 11*,n/a,n/a,K,e-f/s,0.9581,wt%,2,5,0.0001,1.1000
OBS/BAU/REC/CIR,n/a,n/a,SLASH_bottomAshesWasteInc,19 01 11*,n/a,n/a,Mg,e-f/s,1.4137,wt%,2,5,0.0001,1.4000
OBS/BAU/REC/CIR,n/a,n/a,SLASH_bottomAshesWasteInc,19 01 11*,n/a,n/a,In,e-f/s,0.0001,wt%,2,1,0.0001,0.0001
OBS/BAU/REC/CIR,n/a,n/a,SLASH_bottomAshesWasteInc,19 01 11*,n/a,n/a,P,e-f/s,0.7493,wt%,2,5,0.0000,0.5000
OBS/BAU/REC/CIR,n/a,n/a,SLASH_bottomAshesWasteInc,19 01 11*,n/a,n/a,Ti,e-f/s,0.7409,wt%,2,5,0.0001,0.8700
OBS/BAU/REC/CIR,n/a,n/a,SLASH_bottomAshesWasteInc,19 01 11*,n/a,n/a,Se,e-f/s,0.0003,wt%,2,3,0.0001,0.0001
OBS/BAU/REC/CIR,n/a,n/a,SLASH_bottomAshesWasteInc,19 01 11*,n/a,n/a,Mn,e-f/s,0.1522,wt%,2,5,0.0000,0.1100
OBS/BAU/REC/CIR,n/a,n/a,SLASH_bottomAshesWasteInc,19 01 11*,n/a,n/a,Hg,e-f/s,0.0000,wt%,2,4,0.0000,0.0000
OBS/BAU/REC/CIR,n/a,n/a,SLASH_bottomAshesWasteInc,19 01 12,n/a,n/a,Al,e-f/s,3.2000,wt%,2,19,1.4000,15.0000
OBS/BAU/REC/CIR,n/a,n/a,SLASH_bottomAshesWasteInc,19 01 12,n/a,n/a,As,e-f/s,0.0009,wt%,2,15,0.0000,0.0074
OBS/BAU/REC/CIR,n/a,n/a,SLASH_bottomAshesWasteInc,19 01 12,n/a,n/a,Ca,e-f/s,11.7100,wt%,2,30,3.7000,20.7300
OBS/BAU/REC/CIR,n/a,n/a,SLASH_bottomAshesWasteInc,19 01 12,n/a,n/a,Cd,e-f/s,0.0012,wt%,2,4,0.0001,0.0026
OBS/BAU/REC/CIR,n/a,n/a,SLASH_bottomAshesWasteInc,19 01 12,n/a,n/a,Co,e-f/s,0.0012,wt%,2,4,0.0009,0.0048
OBS/BAU/REC/CIR,n/a,n/a,SLASH_bottomAshesWasteInc,19 01 12,n/a,n/a,Cr,e-f/s,0.0148,wt%,2,15,0.0078,0.0917
OBS/BAU/REC/CIR,n/a,n/a,SLASH_bottomAshesWasteInc,19 01 12,n/a,n/a,Cu,e-f/s,0.0864,wt%,2,15,0.0505,0.1410
OBS/BAU/REC/CIR,n/a,n/a,SLASH_bottomAshesWasteInc,19 01 12,n/a,n/a,Fe,e-f/s,7.2000,wt%,2,19,1.6000,25.6339
OBS/BAU/REC/CIR,n/a,n/a,SLASH_bottomAshesWasteInc,19 01 12,n/a,n/a,Hg,e-f/s,0.0000,wt%,2,4,0.0000,0.0000
OBS/BAU/REC/CIR,n/a,n/a,SLASH_bottomAshesWasteInc,19 01 12,n/a,n/a,K,e-f/s,0.8050,wt%,2,18,0.5300,9.4100
OBS/BAU/REC/CIR,n/a,n/a,SLASH_bottomAshesWasteInc,19 01 12,n/a,n/a,Mg,e-f/s,1.9300,wt%,2,29,0.5000,2.8000
OBS/BAU/REC/CIR,n/a,n/a,SLASH_bottomAshesWasteInc,19 01 12,n/a,n/a,Mn,e-f/s,0.0620,wt%,2,1,0.0620,0.0620
OBS/BAU/REC/CIR,n/a,n/a,SLASH_bottomAshesWasteInc,19 01 12,n/a,n/a,Na,e-f/s,0.2900,wt%,2,13,0.1000,0.5700
OBS/BAU/REC/CIR,n/a,n/a,SLASH_bottomAshesWasteInc,19 01 12,n/a,n/a,Ni,e-f/s,0.0092,wt%,2,14,0.0010,0.0279
OBS/BAU/REC/CIR,n/a,n/a,SLASH_bottomAshesWasteInc,19 01 12,n/a,n/a,P,e-f/s,9.3600,wt%,2,30,5.8000,12.2000
OBS/BAU/REC/CIR,n/a,n/a,SLASH_bottomAshesWasteInc,19 01 12,n/a,n/a,Pb,e-f/s,0.0103,wt%,2,15,0.0003,0.0285
OBS/BAU/REC/CIR,n/a,n/a,SLASH_bottomAshesWasteInc,19 01 12,n/a,n/a,Si,e-f/s,8.3484,wt%,2,1,8.3484,8.3484
OBS/BAU/REC/CIR,n/a,n/a,SLASH_bottomAshesWasteInc,19 01 12,n/a,n/a,Sr,e-f/s,0.0395,wt%,2,4,0.0319,0.0517
OBS/BAU/REC/CIR,n/a,n/a,SLASH_bottomAshesWasteInc,19 01 12,n/a,n/a,Ti,e-f/s,0.4495,wt%,2,1,0.4495,0.4495
OBS/BAU/REC/CIR,n/a,n/a,SLASH_bottomAshesWasteInc,19 01 12,n/a,n/a,Zn,e-f/s,0.2700,wt%,2,15,0.0610,0.6100
OBS/BAU/REC/CIR,n/a,n/a,SLASH_bottomAshesWasteInc,19 01 12,n/a,n/a,otherOrUndefinedElements,e-f/s,56.2116,wt%,filledDataGap,n/a,n/a,n/a
OBS/BAU/REC/CIR,n/a,n/a,SLASH_flyAshesWasteInc,19 01 13*,n/a,n/a,Ag,e-f/s,0.0073,wt%,2,1,0.0073,0.0073
OBS/BAU/REC/CIR,n/a,n/a,SLASH_flyAshesWasteInc,19 01 13*,n/a,n/a,Al,e-f/s,3.4025,wt%,2,4,1.4800,3.7900
OBS/BAU/REC/CIR,n/a,n/a,SLASH_flyAshesWasteInc,19 01 13*,n/a,n/a,As,e-f/s,0.0082,wt%,2,1,0.0082,0.0082
OBS/BAU/REC/CIR,n/a,n/a,SLASH_flyAshesWasteInc,19 01 13*,n/a,n/a,Ba,e-f/s,0.1784,wt%,2,4,0.1400,0.2901
OBS/BAU/REC/CIR,n/a,n/a,SLASH_flyAshesWasteInc,19 01 13*,n/a,n/a,Bi,e-f/s,0.0423,wt%,2,1,0.0423,0.0423
OBS/BAU/REC/CIR,n/a,n/a,SLASH_flyAshesWasteInc,19 01 13*,n/a,n/a,Br,e-f/s,0.3563,wt%,2,3,0.2798,0.3700
OBS/BAU/REC/CIR,n/a,n/a,SLASH_flyAshesWasteInc,19 01 13*,n/a,n/a,Ca,e-f/s,16.3950,wt%,2,4,15.1150,19.1500
OBS/BAU/REC/CIR,n/a,n/a,SLASH_flyAshesWasteInc,19 01 13*,n/a,n/a,Cd,e-f/s,0.0310,wt%,2,4,0.0227,0.0356
OBS/BAU/REC/CIR,n/a,n/a,SLASH_flyAshesWasteInc,19 01 13*,n/a,n/a,Ce,e-f/s,0.0016,wt%,2,1,0.0016,0.0016
OBS/BAU/REC/CIR,n/a,n/a,SLASH_flyAshesWasteInc,19 01 13*,n/a,n/a,Cl,e-f/s,10.3010,wt%,2,3,9.7050,10.6900
OBS/BAU/REC/CIR,n/a,n/a,SLASH_flyAshesWasteInc,19 01 13*,n/a,n/a,Co,e-f/s,0.0042,wt%,2,1,0.0042,0.0042
OBS/BAU/REC/CIR,n/a,n/a,SLASH_flyAshesWasteInc,19 01 13*,n/a,n/a,Cr,e-f/s,0.0568,wt%,2,4,0.0297,0.0676
OBS/BAU/REC/CIR,n/a,n/a,SLASH_flyAshesWasteInc,19 01 13*,n/a,n/a,Cu,e-f/s,0.3237,wt%,2,4,0.2544,0.6700
OBS/BAU/REC/CIR,n/a,n/a,SLASH_flyAshesWasteInc,19 01 13*,n/a,n/a,Dy,e-f/s,0.0001,wt%,2,1,0.0001,0.0001
OBS/BAU/REC/CIR,n/a,n/a,SLASH_flyAshesWasteInc,19 01 13*,n/a,n/a,Er,e-f/s,0.0000,wt%,2,1,0.0000,0.0000
OBS/BAU/REC/CIR,n/a,n/a,SLASH_flyAshesWasteInc,19 01 13*,n/a,n/a,Fe,e-f/s,1.9878,wt%,2,4,1.3300,2.1610
OBS/BAU/REC/CIR,n/a,n/a,SLASH_flyAshesWasteInc,19 01 13*,n/a,n/a,Ga,e-f/s,0.0010,wt%,2,1,0.0010,0.0010
OBS/BAU/REC/CIR,n/a,n/a,SLASH_flyAshesWasteInc,19 01 13*,n/a,n/a,Gd,e-f/s,0.0001,wt%,2,1,0.0001,0.0001
OBS/BAU/REC/CIR,n/a,n/a,SLASH_flyAshesWasteInc,19 01 13*,n/a,n/a,Hf,e-f/s,0.0001,wt%,2,1,0.0001,0.0001
OBS/BAU/REC/CIR,n/a,n/a,SLASH_flyAshesWasteInc,19 01 13*,n/a,n/a,Hg,e-f/s,0.0032,wt%,2,1,0.0032,0.0032
OBS/BAU/REC/CIR,n/a,n/a,SLASH_flyAshesWasteInc,19 01 13*,n/a,n/a,Ho,e-f/s,0.0000,wt%,2,1,0.0000,0.0000
OBS/BAU/REC/CIR,n/a,n/a,SLASH_flyAshesWasteInc,19 01 13*,n/a,n/a,In,e-f/s,0.0014,wt%,2,1,0.0014,0.0014
OBS/BAU/REC/CIR,n/a,n/a,SLASH_flyAshesWasteInc,19 01 13*,n/a,n/a,K,e-f/s,4.6435,wt%,2,4,4.5250,6.7300
OBS/BAU/REC/CIR,n/a,n/a,SLASH_flyAshesWasteInc,19 01 13*,n/a,n/a,La,e-f/s,0.0012,wt%,2,1,0.0012,0.0012
OBS/BAU/REC/CIR,n/a,n/a,SLASH_flyAshesWasteInc,19 01 13*,n/a,n/a,Mg,e-f/s,1.3812,wt%,2,4,1.0600,1.5090
OBS/BAU/REC/CIR,n/a,n/a,SLASH_flyAshesWasteInc,19 01 13*,n/a,n/a,Mn,e-f/s,0.0784,wt%,2,4,0.0761,0.1800
OBS/BAU/REC/CIR,n/a,n/a,SLASH_flyAshesWasteInc,19 01 13*,n/a,n/a,Mo,e-f/s,0.0061,wt%,2,1,0.0061,0.0061
OBS/BAU/REC/CIR,n/a,n/a,SLASH_flyAshesWasteInc,19 01 13*,n/a,n/a,Na,e-f/s,4.7550,wt%,2,4,4.3100,5.8500
OBS/BAU/REC/CIR,n/a,n/a,SLASH_flyAshesWasteInc,19 01 13*,n/a,n/a,Nd,e-f/s,0.0005,wt%,2,1,0.0005,0.0005
OBS/BAU/REC/CIR,n/a,n/a,SLASH_flyAshesWasteInc,19 01 13*,n/a,n/a,Ni,e-f/s,0.0117,wt%,2,1,0.0117,0.0117
OBS/BAU/REC/CIR,n/a,n/a,SLASH_flyAshesWasteInc,19 01 13*,n/a,n/a,P,e-f/s,0.4600,wt%,2,1,0.4600,0.4600
OBS/BAU/REC/CIR,n/a,n/a,SLASH_flyAshesWasteInc,19 01 13*,n/a,n/a,Pb,e-f/s,1.0798,wt%,2,4,0.9108,1.2800
OBS/BAU/REC/CIR,n/a,n/a,SLASH_flyAshesWasteInc,19 01 13*,n/a,n/a,Pr,e-f/s,0.0001,wt%,2,1,0.0001,0.0001
OBS/BAU/REC/CIR,n/a,n/a,SLASH_flyAshesWasteInc,19 01 13*,n/a,n/a,Rb,e-f/s,0.0187,wt%,2,1,0.0187,0.0187
OBS/BAU/REC/CIR,n/a,n/a,SLASH_flyAshesWasteInc,19 01 13*,n/a,n/a,Rh,e-f/s,0.0001,wt%,2,1,0.0001,0.0001
OBS/BAU/REC/CIR,n/a,n/a,SLASH_flyAshesWasteInc,19 01 13*,n/a,n/a,S,e-f/s,5.7890,wt%,2,4,4.7610,8.1200
OBS/BAU/REC/CIR,n/a,n/a,SLASH_flyAshesWasteInc,19 01 13*,n/a,n/a,Sb,e-f/s,0.2682,wt%,2,4,0.2100,0.3037
OBS/BAU/REC/CIR,n/a,n/a,SLASH_flyAshesWasteInc,19 01 13*,n/a,n/a,Sc,e-f/s,0.0001,wt%,2,1,0.0001,0.0001
OBS/BAU/REC/CIR,n/a,n/a,SLASH_flyAshesWasteInc,19 01 13*,n/a,n/a,Se,e-f/s,0.0037,wt%,2,1,0.0037,0.0037
OBS/BAU/REC/CIR,n/a,n/a,SLASH_flyAshesWasteInc,19 01 13*,n/a,n/a,Si,e-f/s,7.6290,wt%,2,4,0.4200,8.3100
OBS/BAU/REC/CIR,n/a,n/a,SLASH_flyAshesWasteInc,19 01 13*,n/a,n/a,Sm,e-f/s,0.0001,wt%,2,1,0.0001,0.0001
OBS/BAU/REC/CIR,n/a,n/a,SLASH_flyAshesWasteInc,19 01 13*,n/a,n/a,Sn,e-f/s,0.1554,wt%,2,4,0.1334,0.2000
OBS/BAU/REC/CIR,n/a,n/a,SLASH_flyAshesWasteInc,19 01 13*,n/a,n/a,Sr,e-f/s,0.0386,wt%,2,4,0.0268,0.0542
OBS/BAU/REC/CIR,n/a,n/a,SLASH_flyAshesWasteInc,19 01 13*,n/a,n/a,Tb,e-f/s,0.0000,wt%,2,1,0.0000,0.0000
OBS/BAU/REC/CIR,n/a,n/a,SLASH_flyAshesWasteInc,19 01 13*,n/a,n/a,Te,e-f/s,0.0004,wt%,2,1,0.0004,0.0004
OBS/BAU/REC/CIR,n/a,n/a,SLASH_flyAshesWasteInc,19 01 13*,n/a,n/a,Ti,e-f/s,0.9459,wt%,2,4,0.3900,1.0120
OBS/BAU/REC/CIR,n/a,n/a,SLASH_flyAshesWasteInc,19 01 13*,n/a,n/a,Tm,e-f/s,0.0000,wt%,2,1,0.0000,0.0000
OBS/BAU/REC/CIR,n/a,n/a,SLASH_flyAshesWasteInc,19 01 13*,n/a,n/a,U,e-f/s,0.0001,wt%,2,1,0.0001,0.0001
OBS/BAU/REC/CIR,n/a,n/a,SLASH_flyAshesWasteInc,19 01 13*,n/a,n/a,W,e-f/s,0.0102,wt%,2,1,0.0102,0.0102
OBS/BAU/REC/CIR,n/a,n/a,SLASH_flyAshesWasteInc,19 01 13*,n/a,n/a,Y,e-f/s,0.0007,wt%,2,1,0.0007,0.0007
OBS/BAU/REC/CIR,n/a,n/a,SLASH_flyAshesWasteInc,19 01 13*,n/a,n/a,Yb,e-f/s,0.0000,wt%,2,1,0.0000,0.0000
OBS/BAU/REC/CIR,n/a,n/a,SLASH_flyAshesWasteInc,19 01 13*,n/a,n/a,Zn,e-f/s,4.3945,wt%,2,4,2.6770,6.5170
OBS/BAU/REC/CIR,n/a,n/a,SLASH_flyAshesWasteInc,19 01 13*,n/a,n/a,Zr,e-f/s,0.0041,wt%,2,1,0.0041,0.0041
OBS/BAU/REC/CIR,n/a,n/a,SLASH_flyAshesWasteInc,19 01 13*,n/a,n/a,otherOrUndefinedElements,e-f/s,35.2220,wt%,filledDataGap,n/a,n/a,n/a
OBS/BAU/REC/CIR,n/a,n/a,SLASH_flyAshesWasteInc,19 01 14,n/a,n/a,Al,e-f/s,7.3300,wt%,2,3,5.9900,7.8329
OBS/BAU/REC/CIR,n/a,n/a,SLASH_flyAshesWasteInc,19 01 14,n/a,n/a,Ca,e-f/s,6.5037,wt%,2,3,4.0000,6.6400
OBS/BAU/REC/CIR,n/a,n/a,SLASH_flyAshesWasteInc,19 01 14,n/a,n/a,Cd,e-f/s,0.0009,wt%,2,1,0.0009,0.0009
OBS/BAU/REC/CIR,n/a,n/a,SLASH_flyAshesWasteInc,19 01 14,n/a,n/a,Cr,e-f/s,0.0108,wt%,2,1,0.0108,0.0108
OBS/BAU/REC/CIR,n/a,n/a,SLASH_flyAshesWasteInc,19 01 14,n/a,n/a,Cu,e-f/s,0.0722,wt%,2,1,0.0722,0.0722
OBS/BAU/REC/CIR,n/a,n/a,SLASH_flyAshesWasteInc,19 01 14,n/a,n/a,Fe,e-f/s,12.9600,wt%,2,2,9.9200,16.0000
OBS/BAU/REC/CIR,n/a,n/a,SLASH_flyAshesWasteInc,19 01 14,n/a,n/a,K,e-f/s,1.6700,wt%,2,3,1.3300,1.8263
OBS/BAU/REC/CIR,n/a,n/a,SLASH_flyAshesWasteInc,19 01 14,n/a,n/a,Mg,e-f/s,1.4493,wt%,2,2,1.2100,1.6885
OBS/BAU/REC/CIR,n/a,n/a,SLASH_flyAshesWasteInc,19 01 14,n/a,n/a,Na,e-f/s,0.7280,wt%,2,3,0.5400,1.6321
OBS/BAU/REC/CIR,n/a,n/a,SLASH_flyAshesWasteInc,19 01 14,n/a,n/a,Ni,e-f/s,0.0056,wt%,2,1,0.0056,0.0056
OBS/BAU/REC/CIR,n/a,n/a,SLASH_flyAshesWasteInc,19 01 14,n/a,n/a,P,e-f/s,6.4250,wt%,2,2,5.8600,6.9900
OBS/BAU/REC/CIR,n/a,n/a,SLASH_flyAshesWasteInc,19 01 14,n/a,n/a,Pb,e-f/s,0.0212,wt%,2,1,0.0212,0.0212
OBS/BAU/REC/CIR,n/a,n/a,SLASH_flyAshesWasteInc,19 01 14,n/a,n/a,S,e-f/s,0.3700,wt%,2,1,0.3700,0.3700
OBS/BAU/REC/CIR,n/a,n/a,SLASH_flyAshesWasteInc,19 01 14,n/a,n/a,Si,e-f/s,17.9028,wt%,2,3,12.7000,17.9800
OBS/BAU/REC/CIR,n/a,n/a,SLASH_flyAshesWasteInc,19 01 14,n/a,n/a,Ti,e-f/s,0.4597,wt%,2,2,0.4400,0.4795
OBS/BAU/REC/CIR,n/a,n/a,SLASH_flyAshesWasteInc,19 01 14,n/a,n/a,Zn,e-f/s,0.2548,wt%,2,1,0.2548,0.2548
OBS/BAU/REC/CIR,n/a,n/a,SLASH_flyAshesWasteInc,19 01 14,n/a,n/a,otherOrUndefinedElements,e-f/s,43.8360,wt%,filledDataGap,n/a,n/a,n/a